,AID,Sex,Birth.Year,Age,Sample.Year,Trap.Date,Cap.Type,Titer,CDV.INT,B.INT,DT
1,102_1984-06-17,F,1982,2,1984,6/17/1984,RES,6,N,0,6/17/1984
2,103_1984-06-07,M,1974,10,1984,6/7/1984,RES,384,P,1,6/7/1984
3,112_1999-07-19,M,1973,26,1999,7/19/1999,RES,96,P,1,7/19/1999
4,124_1994-05-18,F,1980,14,1994,5/18/1994,RES,4,N,0,5/18/1994
5,125_1993-07-29,F,1983,10,1993,7/29/1993,RES,128,P,1,7/29/1993
6,125_2000-08-27,F,1983,17,2000,8/27/2000,RES,128,P,1,8/27/2000
7,125_2006-09-25,F,1983,23,2006,9/25/2006,RES,128,P,1,9/25/2006
8,132_2002-09-18,F,1985,17,2002,9/18/2002,RES,256,P,1,9/18/2002
9,136_1994-05-17,F,1983,11,1994,5/17/1994,RES,4,N,0,5/17/1994
10,141_1991-05-17,M,1986,5,1991,5/17/1991,RES,Inf,N,0,5/17/1991
11,155_2004-10-11,M,1986,18,2004,10/11/2004,RES,48,P,1,10/11/2004
12,155_2011-09-02,M,1986,25,2011,9/2/2011,RES,40,P,1,9/2/2011
13,179_2001-05-26,F,1989,12,2001,5/26/2001,RES,128,P,1,5/26/2001
14,179_2012-06-25,F,1989,23,2012,6/25/2012,RES,64,P,1,6/25/2012
15,191_1991-07-13,M,1977,14,1991,7/13/1991,RES,128,P,1,7/13/1991
16,193_1991-09-29,F,1986,5,1991,9/29/1991,RES,512,P,1,9/29/1991
17,193_2001-10-02,F,1986,15,2001,10/2/2001,RES,256,P,1,10/2/2001
18,193_2003-07-27,F,1986,17,2003,7/27/2003,RES,384,P,1,7/27/2003
19,193_2013-06-20,F,1986,27,2013,6/20/2013,RES,256,P,1,6/20/2013
20,193_2014-08-21,F,1986,28,2014,8/21/2014,RES,128,P,1,8/21/2014
21,196_2000-07-17,F,1985,15,2000,7/17/2000,RES,512,P,1,7/17/2000
22,196_2003-09-18,F,1985,18,2003,9/18/2003,RES,384,P,1,9/18/2003
23,201_2009-06-10,M,1990,19,2009,6/10/2009,RES,8,N,0,6/10/2009
24,201110_2011-08-01,M,2006,5,2011,8/1/2011,MGT,3,N,0,8/1/2011
25,201130_2011-09-29,F,2003,8,2011,9/29/2011,MGT,4,N,0,9/29/2011
26,201131_2011-09-29,M,2011,0,2011,9/29/2011,MGT,4,N,0,9/29/2011
27,201132_2011-09-29,M,2011,0,2011,9/29/2011,MGT,4,N,0,9/29/2011
28,201137_2011-10-21,M,2003,8,2011,10/21/2011,MGT,48,P,1,10/21/2011
29,201142_2011-11-11,M,2001,10,2011,11/11/2011,MGT,256,P,1,11/11/2011
30,201229_2012-09-17,M,2007,5,2012,9/17/2012,MGT,384,P,1,9/17/2012
31,201232_2012-09-18,M,2010,2,2012,9/18/2012,MGT,4,N,0,9/18/2012
32,201301_2013-03-23,M,2003,10,2013,3/23/2013,MGT,4,N,0,3/23/2013
33,201307_2013-05-27,F,2008,5,2013,5/27/2013,RES,16,N,0,5/27/2013
34,201314_2013-07-23,M,2008,5,2013,7/23/2013,MGT,4,N,0,7/23/2013
35,204_2007-10-13,M,1990,17,2007,10/13/2007,RES,192,P,1,10/13/2007
36,204_2008-10-07,M,1990,18,2008,10/7/2008,RES,256,P,1,10/7/2008
37,204_2011-10-15,M,1990,21,2011,10/15/2011,RES,384,P,1,10/15/2011
38,205_2006-09-12,F,1984,22,2006,9/12/2006,RES,192,P,1,9/12/2006
39,206_1997-10-15,M,1974,23,1997,10/15/1997,RES,32,P,1,10/15/1997
40,211_1997-10-17,M,1990,7,1997,10/17/1997,RES,Inf,N,0,10/17/1997
41,211_2008-10-21,M,1990,18,2008,10/21/2008,RES,Inf,N,0,10/21/2008
42,211_2011-09-15,M,1990,21,2011,9/15/2011,RES,16,N,0,9/15/2011
43,211_2013-09-19,M,1990,23,2013,9/19/2013,RES,6,N,0,9/19/2013
44,213_1998-07-12,F,1992,6,1998,7/12/1998,RES,4,N,0,7/12/1998
45,213_2002-06-01,F,1992,10,2002,6/1/2002,RES,4,N,0,6/1/2002
46,214_1997-10-23,F,1992,5,1997,10/23/1997,RES,4,N,0,10/23/1997
47,214_2002-10-17,F,1992,10,2002,10/17/2002,RES,4,N,0,10/17/2002
48,219_1997-10-23,M,1990,7,1997,10/23/1997,RES,4,N,0,10/23/1997
49,219_1999-06-30,M,1990,9,1999,6/30/1999,RES,256,P,1,6/30/1999
50,219_2003-09-10,M,1990,13,2003,9/10/2003,RES,192,P,1,9/10/2003
51,219_2013-06-10,M,1990,23,2013,6/10/2013,RES,64,P,1,6/10/2013
52,219_2013-08-21,M,1990,23,2013,8/21/2013,RES,128,P,1,8/21/2013
53,220_1994-05-12,M,1983,11,1994,5/12/1994,RES,8,N,0,5/12/1994
54,227_1994-07-23,M,1992,2,1994,7/23/1994,RES,Inf,N,0,7/23/1994
55,227_2005-07-30,M,1992,13,2005,7/30/2005,RES,Inf,N,0,7/30/2005
56,227_2010-10-15,M,1992,18,2010,10/15/2010,RES,8,N,0,10/15/2010
57,227_2012-06-24,M,1992,20,2012,6/24/2012,RES,7,N,0,6/24/2012
58,227_2013-07-18,M,1992,21,2013,7/18/2013,RES,Inf,N,0,7/18/2013
59,227_2014-07-09,M,1992,22,2014,7/9/2014,RES,Inf,N,0,7/9/2014
60,228_2014-08-28,M,1990,24,2014,8/28/2014,RES,96,P,1,8/28/2014
61,239_2006-08-02,M,1989,17,2006,8/2/2006,RES,16,N,0,8/2/2006
62,243_2004-06-02,M,1991,13,2004,6/2/2004,RES,4,N,0,6/2/2004
63,259_1995-09-23,M,1993,2,1995,9/23/1995,MGT,4,N,0,9/23/1995
64,260_1998-10-18,M,1991,7,1998,10/18/1998,RES,48,P,1,10/18/1998
65,260_2002-09-20,M,1991,11,2002,9/20/2002,RES,48,P,1,9/20/2002
66,263_1995-09-29,M,1988,7,1995,9/29/1995,MGT,384,P,1,9/29/1995
67,265_2008-10-22,F,1988,20,2008,10/22/2008,MGT,128,P,1,10/22/2008
68,273_2004-08-19,M,1988,16,2004,8/19/2004,RES,4,N,0,8/19/2004
69,279_2008-08-28,F,1993,15,2008,8/28/2008,MGT,12,N,0,8/28/2008
70,279_2010-08-03,F,1993,17,2010,8/3/2010,MGT,16,N,0,8/3/2010
71,281_2002-09-23,M,1992,10,2002,9/23/2002,RES,4,N,0,9/23/2002
72,281_2011-09-04,M,1992,19,2011,9/4/2011,RES,192,P,1,9/4/2011
73,281_2013-06-23,M,1992,21,2013,6/23/2013,RES,Inf,P,1,6/23/2013
74,286_1998-08-23,M,1993,5,1998,8/23/1998,MGT,4,N,0,8/23/1998
75,287_1999-10-10,M,1989,10,1999,10/10/1999,RES,48,P,1,10/10/1999
76,287_2005-09-13,M,1989,16,2005,9/13/2005,RES,32,P,1,9/13/2005
77,289_1998-07-24,F,1994,4,1998,7/24/1998,RES,4,N,0,7/24/1998
78,289_2007-08-13,F,1994,13,2007,8/13/2007,RES,6,N,0,8/13/2007
79,290_1999-07-30,M,1994,5,1999,7/30/1999,RES,8,N,0,7/30/1999
80,292_2000-05-03,M,1991,9,2000,5/3/2000,RES,192,P,1,5/3/2000
81,293_1997-08-08,M,1994,3,1997,8/8/1997,RES,4,N,0,8/8/1997
82,295_1999-10-08,F,1993,6,1999,10/8/1999,RES,32,P,1,10/8/1999
83,295_2003-09-18,F,1993,10,2003,9/18/2003,RES,48,P,1,9/18/2003
84,295_2007-09-08,F,1993,14,2007,9/8/2007,RES,24,P,1,9/8/2007
85,301_1997-10-28,M,1995,2,1997,10/28/1997,MGT,4,N,0,10/28/1997
86,302_2008-08-23,M,1988,20,2008,8/23/2008,RES,4,N,0,8/23/2008
87,304_2012-08-03,M,1995,17,2012,8/3/2012,MGT,4,N,0,8/3/2012
88,309_1998-06-12,M,1989,9,1998,6/12/1998,RES,8,N,0,6/12/1998
89,314_1998-07-14,M,1993,5,1998,7/14/1998,RES,48,P,1,7/14/1998
90,317_1999-08-03,M,1990,9,1999,8/3/1999,RES,256,P,1,8/3/1999
91,318_1998-08-28,M,1993,5,1998,8/28/1998,RES,24,P,1,8/28/1998
92,318_2003-09-08,M,1993,10,2003,9/8/2003,RES,16,N,0,9/8/2003
93,321_1999-06-24,F,1992,7,1999,6/24/1999,RES,512,P,1,6/24/1999
94,321_2004-10-08,F,1992,12,2004,10/8/2004,RES,384,P,1,10/8/2004
95,321_2011-09-22,F,1992,19,2011,9/22/2011,RES,768,P,1,9/22/2011
96,322_1998-09-24,F,1996,2,1998,9/24/1998,MGT,16,N,0,9/24/1998
97,323_1998-10-04,M,1996,2,1998,10/4/1998,RES,Inf,N,0,10/4/1998
98,323_2001-10-04,M,1996,5,2001,10/4/2001,RES,Inf,N,0,10/4/2001
99,323_2002-09-07,M,1996,6,2002,9/7/2002,RES,Inf,N,0,9/7/2002
100,323_2003-09-11,M,1996,7,2003,9/11/2003,RES,Inf,N,0,9/11/2003
101,323_2007-04-24,M,1996,11,2007,4/24/2007,RES,Inf,N,0,4/24/2007
102,323_2010-10-13,M,1996,14,2010,10/13/2010,RES,4,N,0,10/13/2010
103,325_1998-11-10,F,1996,2,1998,11/10/1998,MGT,4,N,0,11/10/1998
104,325_1999-07-13,F,1996,3,1999,7/13/1999,MGT,384,P,1,7/13/1999
105,325_2001-07-03,F,1996,5,2001,7/3/2001,MGT,512,P,1,7/3/2001
106,329_1999-05-06,M,1993,6,1999,5/6/1999,RES,4,N,0,5/6/1999
107,330_1999-05-12,M,1993,6,1999,5/12/1999,RES,6,N,0,5/12/1999
108,332_2010-09-23,F,1992,18,2010,9/23/2010,MGT,4,N,0,9/23/2010
109,333_2009-08-20,M,1995,14,2009,8/20/2009,MGT,6,N,0,8/20/2009
110,337_1999-06-10,F,1997,2,1999,6/10/1999,RES,4,N,0,6/10/1999
111,337_2004-08-30,F,1997,7,2004,8/30/2004,RES,4,N,0,8/30/2004
112,337_2010-06-26,F,1997,13,2010,6/26/2010,MGT,4,N,0,6/26/2010
113,338_1999-06-18,M,1995,4,1999,6/18/1999,RES,4,N,0,6/18/1999
114,338_2006-10-20,M,1995,11,2006,10/20/2006,RES,1024,P,1,10/20/2006
115,338_2007-07-18,M,1995,12,2007,7/18/2007,RES,Inf,P,1,7/18/2007
116,338_2009-07-22,M,1995,14,2009,7/22/2009,RES,384,P,1,7/22/2009
117,338_2010-09-15,M,1995,15,2010,9/15/2010,RES,512,P,1,9/15/2010
118,342_1999-07-21,F,1991,8,1999,7/21/1999,RES,512,P,1,7/21/1999
119,343_2000-05-10,M,1996,4,2000,5/10/2000,RES,8,N,0,5/10/2000
120,343_2012-09-12,M,1996,16,2012,9/12/2012,MGT,8,N,0,9/12/2012
121,345_2004-10-12,M,1993,11,2004,10/12/2004,RES,128,P,1,10/12/2004
122,346_1999-08-28,F,1995,4,1999,8/28/1999,RES,6,N,0,8/28/1999
123,349_1999-09-16,F,1994,5,1999,9/16/1999,RES,384,P,1,9/16/1999
124,349_2003-09-04,F,1994,9,2003,9/4/2003,RES,192,P,1,9/4/2003
125,355_2002-08-11,M,1998,4,2002,8/11/2002,RES,4,N,0,8/11/2002
126,360_2001-07-09,F,1996,5,2001,7/9/2001,RES,1536,P,1,7/9/2001
127,360_2008-07-17,F,1996,12,2008,7/17/2008,RES,768,P,1,7/17/2008
128,360_2011-07-15,F,1996,15,2011,7/15/2011,RES,384,P,1,7/15/2011
129,363_2006-10-06,M,1998,8,2006,10/6/2006,RES,4,N,0,10/6/2006
130,363_2007-06-06,M,1998,9,2007,6/6/2007,RES,8,N,0,6/6/2007
131,363_2008-09-25,M,1998,10,2008,9/25/2008,RES,8,N,0,9/25/2008
132,365_2004-08-28,F,1981,23,2004,8/28/2004,RES,96,P,1,8/28/2004
133,369_2014-05-07,M,1994,20,2014,5/7/2014,RES,6,N,0,5/7/2014
134,373_2001-10-04,M,1998,3,2001,10/4/2001,RES,4,N,0,10/4/2001
135,373_2005-07-28,M,1998,7,2005,7/28/2005,RES,768,P,1,7/28/2005
136,373_2007-08-28,M,1998,9,2007,8/28/2007,RES,512,P,1,8/28/2007
137,373_2008-08-12,M,1998,10,2008,8/12/2008,RES,768,P,1,8/12/2008
138,373_2012-07-05,M,1998,14,2012,7/5/2012,RES,128,P,1,7/5/2012
139,377_2001-05-04,M,1995,6,2001,5/4/2001,RES,4,N,0,5/4/2001
140,377_2011-08-24,M,1995,16,2011,8/24/2011,MGT,4,N,0,8/24/2011
141,379_2002-05-31,M,1999,3,2002,5/31/2002,RES,4,N,0,5/31/2002
142,379_2007-09-25,M,1999,8,2007,9/25/2007,RES,192,P,1,9/25/2007
143,379_2013-08-30,M,1999,14,2013,8/30/2013,RES,96,P,1,8/30/2013
144,38_1984-06-10,F,1971,13,1984,6/10/1984,RES,4,N,0,6/10/1984
145,387_2001-06-26,M,1993,8,2001,6/26/2001,RES,12,N,0,6/26/2001
146,388_2001-06-28,M,1990,11,2001,6/28/2001,RES,128,P,1,6/28/2001
147,389_2001-07-06,M,1995,6,2001,7/6/2001,RES,4,N,0,7/6/2001
148,389_2006-06-18,M,1995,11,2006,6/18/2006,RES,512,P,1,6/18/2006
149,393_2001-07-24,M,1995,6,2001,7/24/2001,RES,192,P,1,7/24/2001
150,394_2011-09-04,M,1996,15,2011,9/4/2011,RES,64,P,1,9/4/2011
151,394_2014-09-11,M,1996,18,2014,9/11/2014,RES,Inf,P,1,9/11/2014
152,397_2001-08-23,M,1995,6,2001,8/23/2001,RES,4,N,0,8/23/2001
153,398_2001-08-25,M,1992,9,2001,8/25/2001,RES,8,N,0,8/25/2001
154,398_2005-06-01,M,1992,13,2005,6/1/2005,RES,32,P,1,6/1/2005
155,399_2002-09-23,F,1996,6,2002,9/23/2002,RES,4,N,0,9/23/2002
156,399_2003-05-20,F,1996,7,2003,5/20/2003,RES,4,N,0,5/20/2003
157,399_2004-07-15,F,1996,8,2004,7/15/2004,RES,4,N,0,7/15/2004
158,399_2004-10-02,F,1996,8,2004,10/2/2004,RES,4,N,0,10/2/2004
159,399_2005-09-09,F,1996,9,2005,9/9/2005,RES,4,N,0,9/9/2005
160,40_1984-06-03,M,1975,9,1984,6/3/1984,RES,8,N,0,6/3/1984
161,400_2001-08-29,M,1994,7,2001,8/29/2001,RES,6,N,0,8/29/2001
162,400_2008-08-23,M,1994,14,2008,8/23/2008,RES,64,P,1,8/23/2008
163,400_2010-09-05,M,1994,16,2010,9/5/2010,MGT,32,P,1,9/5/2010
164,401_2001-09-01,M,1993,8,2001,9/1/2001,RES,4,N,0,9/1/2001
165,401_2002-09-11,M,1993,9,2002,9/11/2002,RES,4,N,0,9/11/2002
166,401_2005-09-12,M,1993,12,2005,9/12/2005,RES,4,N,0,9/12/2005
167,402_2001-10-02,F,1997,4,2001,10/2/2001,RES,6,N,0,10/2/2001
168,402_2002-09-09,F,1997,5,2002,9/9/2002,RES,4,N,0,9/9/2002
169,407_2013-05-30,M,1998,15,2013,5/30/2013,RES,4,N,0,5/30/2013
170,410_2002-06-19,M,1994,8,2002,6/19/2002,RES,4,N,0,6/19/2002
171,412_2002-07-13,F,1993,9,2002,7/13/2002,RES,192,P,1,7/13/2002
172,413_2002-07-17,M,1998,4,2002,7/17/2002,RES,4,N,0,7/17/2002
173,414_2002-07-17,M,2000,2,2002,7/17/2002,RES,4,N,0,7/17/2002
174,416_2002-08-07,F,1997,5,2002,8/7/2002,RES,4,N,0,8/7/2002
175,416_2011-08-07,F,1997,14,2011,8/7/2011,RES,40,P,1,8/7/2011
176,419_2002-09-05,M,2001,1,2002,9/5/2002,MGT,6,N,0,9/5/2002
177,419_2005-06-15,M,2001,4,2005,6/15/2005,MGT,4,N,0,6/15/2005
178,423_2011-09-01,F,1996,15,2011,9/1/2011,MGT,4,N,0,9/1/2011
179,424_2002-09-25,M,1998,4,2002,9/25/2002,RES,4,N,0,9/25/2002
180,425_2002-10-08,F,1985,17,2002,10/8/2002,RES,256,P,1,10/8/2002
181,426_2002-10-28,M,1999,3,2002,10/28/2002,RES,4,N,0,10/28/2002
182,427_2003-06-16,M,1997,6,2003,6/16/2003,RES,4,N,0,6/16/2003
183,429_2003-06-27,M,1997,6,2003,6/27/2003,RES,4,N,0,6/27/2003
184,434_2008-07-08,M,2002,6,2008,7/8/2008,MGT,4,N,0,7/8/2008
185,434_2009-06-28,M,2002,7,2009,6/28/2009,MGT,32,P,1,6/28/2009
186,441_2003-08-09,M,2000,3,2003,8/9/2003,RES,4,N,0,8/9/2003
187,441_2004-10-09,M,2000,4,2004,10/9/2004,RES,8,N,0,10/9/2004
188,443_2008-10-03,M,1993,15,2008,10/3/2008,RES,48,P,1,10/3/2008
189,444_2003-08-12,M,1995,8,2003,8/12/2003,RES,4,N,0,8/12/2003
190,447_2003-09-19,F,1988,15,2003,9/19/2003,RES,48,P,1,9/19/2003
191,448_2003-09-19,F,2002,1,2003,9/19/2003,RES,4,N,0,9/19/2003
192,448_2004-10-06,F,2002,2,2004,10/6/2004,RES,4,N,0,10/6/2004
193,448_2005-09-25,F,2002,3,2005,9/25/2005,RES,128,P,1,9/25/2005
194,448_2008-06-14,F,2002,6,2008,6/14/2008,RES,512,P,1,6/14/2008
195,448_2008-07-26,F,2002,6,2008,7/26/2008,RES,192,P,1,7/26/2008
196,448_2009-07-09,F,2002,7,2009,7/9/2009,RES,384,P,1,7/9/2009
197,448_2010-09-16,F,2002,8,2010,9/16/2010,RES,192,P,1,9/16/2010
198,448_2011-10-04,F,2002,9,2011,10/4/2011,RES,192,P,1,10/4/2011
199,449_2003-09-21,M,1997,6,2003,9/21/2003,RES,4,N,0,9/21/2003
200,45_1984-06-06,M,1979,5,1984,6/6/1984,RES,4,N,0,6/6/1984
201,453_2004-05-24,M,1999,5,2004,5/24/2004,MGT,4,N,0,5/24/2004
202,454_2004-06-02,M,1984,20,2004,6/2/2004,RES,8,N,0,6/2/2004
203,460_2004-08-11,M,2002,2,2004,8/11/2004,RES,4,N,0,8/11/2004
204,460_2005-09-13,M,2002,3,2005,9/13/2005,RES,4,N,0,9/13/2005
205,461_2004-08-13,F,1991,13,2004,8/13/2004,RES,512,P,1,8/13/2004
206,461_2004-09-23,F,1991,13,2004,9/23/2004,RES,512,P,1,9/23/2004
207,463_2004-08-27,M,1995,9,2004,8/27/2004,RES,4,N,0,8/27/2004
208,465_2011-10-19,M,1998,13,2011,10/19/2011,MGT,4,N,0,10/19/2011
209,466_2004-09-07,M,1995,9,2004,9/7/2004,MGT,4,N,0,9/7/2004
210,468_2004-09-11,M,2002,2,2004,9/11/2004,RES,4,N,0,9/11/2004
211,469_2004-09-11,M,1993,11,2004,9/11/2004,RES,4,N,0,9/11/2004
212,470_2004-09-12,M,1984,20,2004,9/12/2004,RES,32,P,1,9/12/2004
213,471_2003-06-01,M,1999,4,2003,6/1/2003,RES,4,N,0,6/1/2003
214,474_2004-09-25,F,1997,7,2004,9/25/2004,RES,4,N,0,9/25/2004
215,474_2005-07-06,F,1997,8,2005,7/6/2005,RES,4,N,0,7/6/2005
216,474_2005-09-28,F,1997,8,2005,9/28/2005,RES,4,N,0,9/28/2005
217,475_2005-10-10,M,2001,4,2005,10/10/2005,RES,4,N,0,10/10/2005
218,477_2004-09-29,M,1997,7,2004,9/29/2004,RES,4,N,0,9/29/2004
219,478_2010-09-24,F,1992,18,2010,9/24/2010,MGT,4,N,0,9/24/2010
220,479_2004-10-06,M,1990,14,2004,10/6/2004,RES,4,N,0,10/6/2004
221,479_2012-06-07,M,1990,22,2012,6/7/2012,RES,64,P,1,6/7/2012
222,479_2014-07-08,M,1990,24,2014,7/8/2014,RES,Inf,P,1,7/8/2014
223,480_2004-10-08,M,1996,8,2004,10/8/2004,RES,4,N,0,10/8/2004
224,480_2005-09-25,M,1996,9,2005,9/25/2005,RES,4,N,0,9/25/2005
225,481_2004-10-10,F,2002,2,2004,10/10/2004,RES,Inf,N,0,10/10/2004
226,481_2010-09-20,F,2002,8,2010,9/20/2010,RES,Inf,N,0,9/20/2010
227,483_2005-05-05,M,1993,12,2005,5/5/2005,RES,64,P,1,5/5/2005
228,484_2005-05-07,M,1997,8,2005,5/7/2005,RES,4,N,0,5/7/2005
229,485_2005-05-23,F,1997,8,2005,5/23/2005,RES,4,N,0,5/23/2005
230,487_2008-07-27,M,1999,9,2008,7/27/2008,MGT,4,N,0,7/27/2008
231,488_2005-05-26,M,1998,7,2005,5/26/2005,RES,8,N,0,5/26/2005
232,490_2005-06-23,M,1997,8,2005,6/23/2005,RES,384,P,1,6/23/2005
233,491_2005-06-27,F,2004,1,2005,6/27/2005,MGT,6,N,0,6/27/2005
234,492_2007-10-13,F,2004,3,2007,10/13/2007,RES,4,N,0,10/13/2007
235,492_2008-07-18,F,2004,4,2008,7/18/2008,RES,8,N,0,7/18/2008
236,493_2005-07-06,M,1997,8,2005,7/6/2005,RES,4,N,0,7/6/2005
237,493_2010-08-26,M,1997,13,2010,8/26/2010,RES,128,P,1,8/26/2010
238,494_2005-07-06,M,2002,3,2005,7/6/2005,RES,4,N,0,7/6/2005
239,495_2008-07-22,F,2003,5,2008,7/22/2008,MGT,4,N,0,7/22/2008
240,497_2008-08-04,F,2002,6,2008,8/4/2008,MGT,128,P,1,8/4/2008
241,498_2010-08-05,M,2001,9,2010,8/5/2010,MGT,64,P,1,8/5/2010
242,499_2012-07-29,F,1997,15,2012,7/29/2012,MGT,4,N,0,7/29/2012
243,50_1984-09-17,F,1974,10,1984,9/17/1984,MGT,4,N,0,9/17/1984
244,501_2005-08-13,F,1995,10,2005,8/13/2005,RES,6,N,0,8/13/2005
245,502_2005-08-19,F,2002,3,2005,8/19/2005,MGT,4,N,0,8/19/2005
246,502_2007-08-18,F,2002,5,2007,8/18/2007,MGT,4,N,0,8/18/2007
247,504_2008-07-28,M,2001,7,2008,7/28/2008,MGT,192,P,1,7/28/2008
248,506_2014-08-02,M,2000,14,2014,8/2/2014,RES,32,P,1,8/2/2014
249,507_2005-08-25,F,2003,2,2005,8/25/2005,RES,4,N,0,8/25/2005
250,507_2007-08-01,F,2003,4,2007,8/1/2007,RES,4,N,0,8/1/2007
251,512_2005-09-13,M,1995,10,2005,9/13/2005,RES,128,P,1,9/13/2005
252,512_2010-10-05,M,1995,15,2010,10/5/2010,MGT,32,P,1,10/5/2010
253,513_2010-09-29,M,2000,10,2010,9/29/2010,MGT,4,N,0,9/29/2010
254,514_2005-09-28,M,2000,5,2005,9/28/2005,RES,4,N,0,9/28/2005
255,515_2005-09-28,M,1992,13,2005,9/28/2005,RES,64,P,1,9/28/2005
256,515_2009-06-11,M,1992,17,2009,6/11/2009,RES,192,P,1,6/11/2009
257,515_2011-10-30,M,1992,19,2011,10/30/2011,RES,96,P,1,10/30/2011
258,516_2005-10-06,M,1995,10,2005,10/6/2005,RES,4,N,0,10/6/2005
259,517_2010-09-28,F,1998,12,2010,9/28/2010,MGT,4,N,0,9/28/2010
260,519_2012-05-12,M,1999,13,2012,5/12/2012,RES,16,N,0,5/12/2012
261,520_2006-05-11,M,1999,7,2006,5/11/2006,RES,1024,P,1,5/11/2006
262,520_2008-10-19,M,1999,9,2008,10/19/2008,RES,Inf,P,1,10/19/2008
263,521_2006-05-20,M,1996,10,2006,5/20/2006,RES,16,N,0,5/20/2006
264,522_2006-06-02,F,1989,17,2006,6/2/2006,RES,128,P,1,6/2/2006
265,524_2011-08-29,M,2000,11,2011,8/29/2011,MGT,8,N,0,8/29/2011
266,524_2012-09-13,M,2000,12,2012,9/13/2012,MGT,4,N,0,9/13/2012
267,526_2006-06-22,M,2003,3,2006,6/22/2006,RES,256,P,1,6/22/2006
268,526_2012-06-21,M,2003,9,2012,6/21/2012,RES,Inf,P,1,6/21/2012
269,527_2006-06-22,M,1998,8,2006,6/22/2006,RES,16,N,0,6/22/2006
270,529_2006-07-17,M,2005,1,2006,7/17/2006,RES,16,N,0,7/17/2006
271,529_2007-08-02,M,2005,2,2007,8/2/2007,RES,4,N,0,8/2/2007
272,533_2006-07-29,F,1992,14,2006,7/29/2006,RES,192,P,1,7/29/2006
273,533_2012-07-19,F,1992,20,2012,7/19/2012,RES,48,P,1,7/19/2012
274,534_2006-07-30,M,2005,1,2006,7/30/2006,RES,16,N,0,7/30/2006
275,535_2006-08-03,M,2003,3,2006,8/3/2006,RES,8,N,0,8/3/2006
276,538_2012-05-13,M,2002,10,2012,5/13/2012,RES,4,N,0,5/13/2012
277,539_2006-08-29,F,2004,2,2006,8/29/2006,MGT,16,N,0,8/29/2006
278,539_2007-06-27,F,2004,3,2007,6/27/2007,MGT,6,N,0,6/27/2007
279,539_2007-08-19,F,2004,3,2007,8/19/2007,MGT,4,N,0,8/19/2007
280,541_2006-09-22,F,1995,11,2006,9/22/2006,RES,128,P,1,9/22/2006
281,541_2008-07-22,F,1995,13,2008,7/22/2008,RES,Inf,P,1,7/22/2008
282,541_2011-10-17,F,1995,16,2011,10/17/2011,RES,64,P,1,10/17/2011
283,543_2006-10-05,M,1993,13,2006,10/5/2006,RES,4,N,0,10/5/2006
284,544_2006-10-06,M,2003,3,2006,10/6/2006,MGT,16,N,0,10/6/2006
285,547_2003-09-18,M,2003,0,2003,9/18/2003,RES,Inf,N,0,9/18/2003
286,547_2007-05-01,M,2003,4,2007,5/1/2007,RES,Inf,N,0,5/1/2007
287,547_2013-08-14,M,2003,10,2013,8/14/2013,RES,Inf,N,0,8/14/2013
288,548_2007-05-02,M,1997,10,2007,5/2/2007,RES,4,N,0,5/2/2007
289,549_2013-05-06,M,2001,12,2013,5/6/2013,MGT,1536,P,1,5/6/2013
290,550_2009-06-01,M,2003,6,2009,6/1/2009,RES,4,N,0,6/1/2009
291,550_2010-09-07,M,2003,7,2010,9/7/2010,MGT,4,N,0,9/7/2010
292,552_2011-11-11,M,1999,12,2011,11/11/2011,MGT,4,N,0,11/11/2011
293,553_2009-05-30,M,1999,10,2009,5/30/2009,RES,4,N,0,5/30/2009
294,554_2009-05-30,F,2005,4,2009,5/30/2009,RES,4,N,0,5/30/2009
295,555_2007-06-03,F,2000,7,2007,6/3/2007,RES,4,N,0,6/3/2007
296,556_2007-06-03,M,2003,4,2007,6/3/2007,RES,Inf,N,0,6/3/2007
297,556_2007-08-15,M,2003,4,2007,8/15/2007,RES,Inf,N,0,8/15/2007
298,556_2008-08-21,M,2003,5,2008,8/21/2008,RES,Inf,N,0,8/21/2008
299,556_2010-10-14,M,2003,7,2010,10/14/2010,RES,Inf,N,0,10/14/2010
300,556_2012-10-13,M,2003,9,2012,10/13/2012,RES,6,N,0,10/13/2012
301,557_2007-06-15,M,1989,18,2007,6/15/2007,RES,4,N,0,6/15/2007
302,559_2007-07-03,F,1997,10,2007,7/3/2007,RES,4,N,0,7/3/2007
303,563_2007-08-26,M,1992,15,2007,8/26/2007,RES,4,N,0,8/26/2007
304,563_2008-08-24,M,1992,16,2008,8/24/2008,RES,4,N,0,8/24/2008
305,565_2008-08-09,M,2004,4,2008,8/9/2008,RES,4,N,0,8/9/2008
306,566_2007-09-07,M,2004,3,2007,9/7/2007,RES,Inf,N,0,9/7/2007
307,566_2010-10-15,M,2004,6,2010,10/15/2010,RES,4,N,0,10/15/2010
308,566_2011-10-30,M,2004,7,2011,10/30/2011,RES,6,N,0,10/30/2011
309,566_2013-07-08,M,2004,9,2013,7/8/2013,RES,6,N,0,7/8/2013
310,567_2008-10-04,M,1994,14,2008,10/4/2008,RES,192,P,1,10/4/2008
311,568_2009-06-29,M,1992,17,2009,6/29/2009,RES,384,P,1,6/29/2009
312,569_2009-10-02,F,2003,6,2009,10/2/2009,MGT,4,N,0,10/2/2009
313,569_2010-10-17,F,2003,7,2010,10/17/2010,MGT,4,N,0,10/17/2010
314,570_2003-06-17,M,1994,9,2003,6/17/2003,RES,Inf,N,0,6/17/2003
315,570_2007-09-11,M,1994,13,2007,9/11/2007,RES,Inf,N,0,9/11/2007
316,570_2009-06-29,M,1994,15,2009,6/29/2009,RES,8,N,0,6/29/2009
317,571_2007-09-11,M,1996,11,2007,9/11/2007,RES,6,N,0,9/11/2007
318,573_2007-09-26,M,1997,10,2007,9/26/2007,RES,4,N,0,9/26/2007
319,574_2007-10-10,M,2003,4,2007,10/10/2007,RES,Inf,N,0,10/10/2007
320,574_2008-10-16,M,2003,5,2008,10/16/2008,RES,Inf,N,0,10/16/2008
321,574_2012-10-15,M,2003,9,2012,10/15/2012,RES,15,N,0,10/15/2012
322,576_2007-10-18,F,1999,8,2007,10/18/2007,RES,192,P,1,10/18/2007
323,577_2007-10-23,F,1991,16,2007,10/23/2007,RES,64,P,1,10/23/2007
324,578_2007-10-25,M,2004,3,2007,10/25/2007,RES,768,P,1,10/25/2007
325,578_2013-06-23,M,2004,9,2013,6/23/2013,RES,256,P,1,6/23/2013
326,579_2008-04-21,M,2005,3,2008,4/21/2008,MGT,4,N,0,4/21/2008
327,581_2008-05-17,M,2005,3,2008,5/17/2008,MGT,4,N,0,5/17/2008
328,582_2008-06-08,M,2004,4,2008,6/8/2008,MGT,4,N,0,6/8/2008
329,585_2008-06-14,M,1978,30,2008,6/14/2008,RES,96,P,1,6/14/2008
330,586_2008-06-19,M,2005,3,2008,6/19/2008,RES,4,N,0,6/19/2008
331,586_2011-08-15,M,2005,6,2011,8/15/2011,RES,384,P,1,8/15/2011
332,587_2010-07-03,M,2006,4,2010,7/3/2010,MGT,6,N,0,7/3/2010
333,588_2008-07-10,M,2005,3,2008,7/10/2008,RES,384,P,1,7/10/2008
334,589_2008-07-28,M,2002,6,2008,7/28/2008,RES,192,P,1,7/28/2008
335,589_2010-09-16,M,2002,8,2010,9/16/2010,RES,96,P,1,9/16/2010
336,589_2011-10-04,M,2002,9,2011,10/4/2011,RES,40,P,1,10/4/2011
337,59_1984-06-16,F,1978,6,1984,6/16/1984,RES,192,P,1,6/16/1984
338,590_2008-08-13,F,2005,3,2008,8/13/2008,RES,4,N,0,8/13/2008
339,591_2008-08-21,F,2006,2,2008,8/21/2008,RES,4,N,0,8/21/2008
340,592_2014-09-11,M,2000,14,2014,9/11/2014,MGT,512,P,1,9/11/2014
341,593_2008-08-22,M,2005,3,2008,8/22/2008,RES,Inf,N,0,8/22/2008
342,593_2011-08-06,M,2005,6,2011,8/6/2011,RES,12,N,0,8/6/2011
343,594_2008-08-23,M,2006,2,2008,8/23/2008,RES,Inf,N,0,8/23/2008
344,594_2010-08-08,M,2006,4,2010,8/8/2010,RES,4,N,0,8/8/2010
345,595_2008-08-24,M,2005,3,2008,8/24/2008,RES,4,N,0,8/24/2008
346,596_2008-09-14,F,2004,4,2008,9/14/2008,MGT,4,N,0,9/14/2008
347,596_2009-06-25,F,2004,5,2009,6/25/2009,MGT,6,N,0,6/25/2009
348,600_2008-10-22,M,2007,1,2008,10/22/2008,MGT,Inf,N,0,10/22/2008
349,600_2012-07-21,M,2007,5,2012,7/21/2012,RES,15,N,0,7/21/2012
350,601_2008-10-22,F,2007,1,2008,10/22/2008,MGT,4,N,0,10/22/2008
351,602_2008-10-22,F,2007,1,2008,10/22/2008,MGT,4,N,0,10/22/2008
352,603_2009-04-30,M,2003,6,2009,4/30/2009,MGT,4,N,0,4/30/2009
353,603_2010-08-15,M,2003,7,2010,8/15/2010,MGT,4,N,0,8/15/2010
354,604_2009-05-17,M,2002,7,2009,5/17/2009,RES,6,N,0,5/17/2009
355,605_2009-05-15,F,2005,4,2009,5/15/2009,RES,512,P,1,5/15/2009
356,606_2009-05-19,M,2002,7,2009,5/19/2009,RES,6,N,0,5/19/2009
357,607_2009-05-20,M,1999,10,2009,5/20/2009,RES,4,N,0,5/20/2009
358,608_2009-06-09,M,1996,13,2009,6/9/2009,RES,4,N,0,6/9/2009
359,609_2009-06-13,M,2004,5,2009,6/13/2009,RES,768,P,1,6/13/2009
360,610_2014-08-06,F,2006,8,2014,8/6/2014,RES,4,N,0,8/6/2014
361,611_2011-08-20,M,2000,11,2011,8/20/2011,RES,3,N,0,8/20/2011
362,618_2010-09-21,M,2006,4,2010,9/21/2010,RES,4,N,0,9/21/2010
363,622_2009-09-11,M,2006,3,2009,9/11/2009,RES,4,N,0,9/11/2009
364,623_2009-09-11,M,2003,6,2009,9/11/2009,RES,4,N,0,9/11/2009
365,623_2011-07-26,M,2003,8,2011,7/26/2011,MGT,4,N,0,7/26/2011
366,624_2009-09-14,M,1999,10,2009,9/14/2009,RES,4,N,0,9/14/2009
367,626_2009-09-19,F,2003,6,2009,9/19/2009,RES,4,N,0,9/19/2009
368,628_2009-10-12,F,2004,5,2009,10/12/2009,MGT,Inf,N,0,10/12/2009
369,628_2010-06-17,F,2004,6,2010,6/17/2010,RES,6,N,0,6/17/2010
370,628_2010-10-02,F,2004,6,2010,10/2/2010,MGT,4,N,0,10/2/2010
371,629_2009-10-12,M,1978,31,2009,10/12/2009,MGT,48,P,1,10/12/2009
372,631_2009-10-14,F,2004,5,2009,10/14/2009,MGT,4,N,0,10/14/2009
373,632_2009-10-30,M,2005,4,2009,10/30/2009,MGT,4,N,0,10/30/2009
374,634_2010-04-24,M,1990,20,2010,4/24/2010,MGT,4,N,0,4/24/2010
375,635_2010-04-24,M,2000,10,2010,4/24/2010,MGT,4,N,0,4/24/2010
376,636_2011-08-28,M,2006,5,2011,8/28/2011,MGT,256,P,1,8/28/2011
377,638_2010-05-08,M,1999,11,2010,5/8/2010,MGT,4,N,0,5/8/2010
378,639_2010-05-11,M,1994,16,2010,5/11/2010,RES,256,P,1,5/11/2010
379,640_2010-05-14,M,1995,15,2010,5/14/2010,RES,384,P,1,5/14/2010
380,641_2010-05-16,M,1995,15,2010,5/16/2010,RES,6,N,0,5/16/2010
381,642_2009-05-15,M,2006,3,2009,5/15/2009,RES,4,N,0,5/15/2009
382,642_2010-05-18,M,2006,4,2010,5/18/2010,MGT,4,N,0,5/18/2010
383,642_2012-04-18,M,2006,6,2012,4/18/2012,MGT,4,N,0,4/18/2012
384,643_2010-05-18,M,1997,13,2010,5/18/2010,RES,4,N,0,5/18/2010
385,644_2010-06-11,M,1998,12,2010,6/11/2010,RES,8,N,0,6/11/2010
386,644_2014-05-15,M,1998,16,2014,5/15/2014,RES,4,N,0,5/15/2014
387,645_2010-06-15,F,1997,13,2010,6/15/2010,RES,4,N,0,6/15/2010
388,646_2010-06-17,M,1997,13,2010,6/17/2010,RES,1536,P,1,6/17/2010
389,648_2012-07-12,M,2000,12,2012,7/12/2012,RES,4,N,0,7/12/2012
390,649_2010-07-24,M,2003,7,2010,7/24/2010,MGT,4,N,0,7/24/2010
391,650_2010-08-09,F,2005,5,2010,8/9/2010,MGT,4,N,0,8/9/2010
392,650_2012-07-28,F,2005,7,2012,7/28/2012,MGT,4,N,0,7/28/2012
393,651_2010-08-15,M,1999,11,2010,8/15/2010,MGT,4,N,0,8/15/2010
394,653_2010-08-22,M,2008,2,2010,8/22/2010,RES,4,N,0,8/22/2010
395,653_2012-07-09,M,2008,4,2012,7/9/2012,RES,7,N,0,7/9/2012
396,654_2010-08-23,F,1994,16,2010,8/23/2010,MGT,64,P,1,8/23/2010
397,655_2010-08-24,M,2007,3,2010,8/24/2010,RES,4,N,0,8/24/2010
398,655_2014-08-03,M,2007,7,2014,8/3/2014,RES,4,N,0,8/3/2014
399,656_2010-08-27,M,2007,3,2010,8/27/2010,MGT,4,N,0,8/27/2010
400,657_2010-09-10,M,2007,3,2010,9/10/2010,MGT,4,N,0,9/10/2010
401,658_2010-09-11,F,2005,5,2010,9/11/2010,MGT,4,N,0,9/11/2010
402,658_2012-10-26,F,2005,7,2012,10/26/2012,MGT,4,N,0,10/26/2012
403,659_2011-06-24,M,1998,13,2011,6/24/2011,RES,512,P,1,6/24/2011
404,660_2010-09-17,F,2004,6,2010,9/17/2010,MGT,8,N,0,9/17/2010
405,661_2010-09-20,F,2001,9,2010,9/20/2010,RES,6,N,0,9/20/2010
406,662_2010-10-01,F,1999,11,2010,10/1/2010,RES,64,P,1,10/1/2010
407,663_2010-10-02,F,2004,6,2010,10/2/2010,RES,4,N,0,10/2/2010
408,664_2010-10-03,M,1999,11,2010,10/3/2010,MGT,4,N,0,10/3/2010
409,665_2010-10-05,F,2002,8,2010,10/5/2010,MGT,8,N,0,10/5/2010
410,666_2010-10-16,F,2002,8,2010,10/16/2010,MGT,16,N,0,10/16/2010
411,670_2009-06-04,M,2004,5,2009,6/4/2009,RES,4,N,0,6/4/2009
412,670_2011-05-11,M,2004,7,2011,5/11/2011,MGT,4,N,0,5/11/2011
413,670_2012-08-17,M,2004,8,2012,8/17/2012,MGT,4,N,0,8/17/2012
414,671_2009-06-15,M,1997,12,2009,6/15/2009,RES,8,N,0,6/15/2009
415,671_2011-05-12,M,1997,14,2011,5/12/2011,MGT,32,P,1,5/12/2011
416,671_2013-04-25,M,1997,16,2013,4/25/2013,MGT,4,N,0,4/25/2013
417,672_2011-05-14,F,2008,3,2011,5/14/2011,MGT,8,N,0,5/14/2011
418,673_2011-06-10,M,1999,12,2011,6/10/2011,RES,16,N,0,6/10/2011
419,674_2011-06-18,M,2003,8,2011,6/18/2011,RES,6,N,0,6/18/2011
420,674_2012-06-27,M,2003,9,2012,6/27/2012,RES,4,N,0,6/27/2012
421,675_2011-06-27,M,1996,15,2011,6/27/2011,RES,12,N,0,6/27/2011
422,676_2011-07-03,F,2010,1,2011,7/3/2011,MGT,4,N,0,7/3/2011
423,676_2014-07-26,F,2010,4,2014,7/26/2014,MGT,4,N,0,7/26/2014
424,677_2007-05-16,M,2005,2,2007,5/16/2007,MGT,Inf,N,0,5/16/2007
425,677_2011-07-07,M,2005,6,2011,7/7/2011,RES,3,N,0,7/7/2011
426,678_2011-07-09,F,2005,6,2011,7/9/2011,RES,768,P,1,7/9/2011
427,679_2007-05-07,M,2004,3,2007,5/7/2007,RES,Inf,N,0,5/7/2007
428,679_2011-07-13,M,2004,7,2011,7/13/2011,RES,3,N,0,7/13/2011
429,679_2014-07-22,M,2004,10,2014,7/22/2014,RES,Inf,N,0,7/22/2014
430,681_2011-07-26,M,2006,5,2011,7/26/2011,RES,24,P,1,7/26/2011
431,682_2011-07-29,M,2008,3,2011,7/29/2011,MGT,1024,P,1,7/29/2011
432,682_2012-04-17,M,2008,4,2012,4/17/2012,MGT,1536,P,1,4/17/2012
433,683_2011-08-04,M,2005,6,2011,8/4/2011,RES,512,P,1,8/4/2011
434,684_2011-08-11,M,1993,18,2011,8/11/2011,RES,12,N,0,8/11/2011
435,685_2011-08-15,M,2006,5,2011,8/15/2011,RES,4,N,0,8/15/2011
436,686_2011-08-18,F,2005,6,2011,8/18/2011,RES,192,P,1,8/18/2011
437,687_2011-08-18,M,2000,11,2011,8/18/2011,RES,3,N,0,8/18/2011
438,688_2011-09-21,M,2010,1,2011,9/21/2011,RES,3,N,0,9/21/2011
439,689_2011-09-22,M,2010,1,2011,9/22/2011,RES,6,N,0,9/22/2011
440,690_2011-09-23,F,2009,2,2011,9/23/2011,MGT,4,N,0,9/23/2011
441,692_2011-10-04,F,2008,3,2011,10/4/2011,MGT,4,N,0,10/4/2011
442,693_2011-10-04,F,2004,7,2011,10/4/2011,RES,192,P,1,10/4/2011
443,694_2011-10-07,F,2008,3,2011,10/7/2011,MGT,4,N,0,10/7/2011
444,695_2011-10-28,M,2007,4,2011,10/28/2011,RES,3,N,0,10/28/2011
445,696_2009-05-21,M,1999,10,2009,5/21/2009,RES,4,N,0,5/21/2009
446,696_2011-11-04,M,1999,12,2011,11/4/2011,MGT,4,N,0,11/4/2011
447,697_2012-03-21,M,2003,9,2012,3/21/2012,MGT,4,N,0,3/21/2012
448,698_2012-04-08,M,1992,20,2012,4/8/2012,MGT,24,P,1,4/8/2012
449,699_2012-04-15,M,2000,12,2012,4/15/2012,MGT,4,N,0,4/15/2012
450,700_2012-05-03,M,2003,9,2012,5/3/2012,RES,4,N,0,5/3/2012
451,701_2011-07-18,M,2007,4,2011,7/18/2011,RES,4,N,0,7/18/2011
452,701_2012-05-04,M,2007,5,2012,5/4/2012,MGT,4,N,0,5/4/2012
453,702_2012-05-08,F,2010,2,2012,5/8/2012,MGT,4,N,0,5/8/2012
454,703_2012-05-11,F,2006,6,2012,5/11/2012,RES,4,N,0,5/11/2012
455,703_2013-10-01,F,2006,7,2013,10/1/2013,MGT,4,N,0,10/1/2013
456,704_2012-05-17,M,2008,4,2012,5/17/2012,MGT,4,N,0,5/17/2012
457,705_2012-05-19,M,2008,4,2012,5/19/2012,RES,4,N,0,5/19/2012
458,706_2012-05-25,F,2003,9,2012,5/25/2012,RES,Inf,N,0,5/25/2012
459,707_2012-05-30,F,2007,5,2012,5/30/2012,RES,6,N,0,5/30/2012
460,708_2012-06-06,F,2006,6,2012,6/6/2012,RES,7,N,0,6/6/2012
461,710_2012-06-16,M,2009,3,2012,6/16/2012,MGT,4,N,0,6/16/2012
462,711_2012-06-25,M,1999,13,2012,6/25/2012,RES,7,N,0,6/25/2012
463,711_2014-07-24,M,1999,15,2014,7/24/2014,RES,4,N,0,7/24/2014
464,712_2012-06-25,M,2006,6,2012,6/25/2012,RES,4,N,0,6/25/2012
465,713_2012-06-28,M,2009,3,2012,6/28/2012,RES,7,N,0,6/28/2012
466,713_2014-07-01,M,2009,5,2014,7/1/2014,RES,6,N,0,7/1/2014
467,714_2013-07-08,F,2002,11,2013,7/8/2013,MGT,4,N,0,7/8/2013
468,715_2012-07-06,M,1997,15,2012,7/6/2012,RES,7,N,0,7/6/2012
469,716_2012-07-08,F,2005,7,2012,7/8/2012,MGT,4,N,0,7/8/2012
470,717_2012-07-10,M,2008,4,2012,7/10/2012,MGT,4,N,0,7/10/2012
471,717_2013-09-14,M,2008,5,2013,9/14/2013,MGT,4,N,0,9/14/2013
472,718_2012-07-12,F,2005,7,2012,7/12/2012,RES,4,N,0,7/12/2012
473,719_2012-07-17,M,2007,5,2012,7/17/2012,MGT,4,N,0,7/17/2012
474,720_2012-07-20,F,2004,8,2012,7/20/2012,RES,512,P,1,7/20/2012
475,721_2012-07-22,F,2006,6,2012,7/22/2012,RES,7,N,0,7/22/2012
476,724_2012-08-14,F,2005,7,2012,8/14/2012,MGT,4,N,0,8/14/2012
477,725_2012-08-15,F,2005,7,2012,8/15/2012,MGT,4,N,0,8/15/2012
478,726_2012-08-16,M,2007,5,2012,8/16/2012,RES,192,P,1,8/16/2012
479,727_2012-08-18,M,1999,13,2012,8/18/2012,RES,256,P,1,8/18/2012
480,728_2012-08-23,F,2009,3,2012,8/23/2012,RES,4,N,0,8/23/2012
481,729_2012-08-23,M,2002,10,2012,8/23/2012,RES,192,P,1,8/23/2012
482,729_2014-07-12,M,2002,12,2014,7/12/2014,MGT,192,P,1,7/12/2014
483,730_2012-08-24,M,2007,5,2012,8/24/2012,MGT,384,P,1,8/24/2012
484,730_2013-08-08,M,2007,6,2013,8/8/2013,RES,Inf,P,1,8/8/2013
485,731_2012-09-09,M,2010,2,2012,9/9/2012,RES,4,N,0,9/9/2012
486,731_2014-08-27,M,2010,4,2014,8/27/2014,MGT,256,P,1,8/27/2014
487,732_2012-09-10,F,2004,8,2012,9/10/2012,MGT,12,N,0,9/10/2012
488,733_2012-09-17,M,2008,4,2012,9/17/2012,MGT,768,P,1,9/17/2012
489,734_2012-09-21,F,2003,9,2012,9/21/2012,MGT,4,N,0,9/21/2012
490,736_2012-10-01,M,2004,8,2012,10/1/2012,RES,96,P,1,10/1/2012
491,736_2013-06-19,M,2004,9,2013,6/19/2013,RES,Inf,P,1,6/19/2013
492,737_2012-10-10,M,2009,3,2012,10/10/2012,MGT,4,N,0,10/10/2012
493,738_2012-10-19,M,2001,11,2012,10/19/2012,MGT,4,N,0,10/19/2012
494,739_2012-10-28,F,2010,2,2012,10/28/2012,MGT,4,N,0,10/28/2012
495,740_2013-05-06,M,2006,7,2013,5/6/2013,MGT,8,N,0,5/6/2013
496,741_2013-05-22,F,2009,4,2013,5/22/2013,RES,6,N,0,5/22/2013
497,742_2013-05-24,M,2009,4,2013,5/24/2013,MGT,4,N,0,5/24/2013
498,743_2013-05-25,F,2003,10,2013,5/25/2013,MGT,4,N,0,5/25/2013
499,744_2013-05-26,M,2008,5,2013,5/26/2013,RES,4,N,0,5/26/2013
500,745_2013-05-31,M,2010,3,2013,5/31/2013,MGT,768,P,1,5/31/2013
501,747_2013-06-04,F,2010,3,2013,6/4/2013,RES,4,N,0,6/4/2013
502,748_2013-06-07,M,2010,3,2013,6/7/2013,MGT,4,N,0,6/7/2013
503,749_2013-06-12,F,2009,4,2013,6/12/2013,RES,4,N,0,6/12/2013
504,750_2013-06-19,M,2007,6,2013,6/19/2013,RES,4,N,0,6/19/2013
505,751_2013-06-21,M,2009,4,2013,6/21/2013,RES,6,N,0,6/21/2013
506,752_2013-06-23,M,2010,3,2013,6/23/2013,RES,4,N,0,6/23/2013
507,753_2013-06-24,M,2010,3,2013,6/24/2013,RES,4,N,0,6/24/2013
508,754_2013-06-25,M,2004,9,2013,6/25/2013,RES,4,N,0,6/25/2013
509,755_2013-06-25,F,2011,2,2013,6/25/2013,RES,6,N,0,6/25/2013
510,756_2013-06-30,M,2007,6,2013,6/30/2013,MGT,6,N,0,6/30/2013
511,756_2014-07-23,M,2007,7,2014,7/23/2014,MGT,2048,P,1,7/23/2014
512,758_2013-07-21,M,2007,6,2013,7/21/2013,RES,4,N,0,7/21/2013
513,759_2013-07-23,F,2008,5,2013,7/23/2013,RES,4,N,0,7/23/2013
514,760_2013-07-29,M,2010,3,2013,7/29/2013,MGT,4,N,0,7/29/2013
515,760_2014-06-25,M,2011,3,2014,6/25/2014,RES,4,N,0,6/25/2014
516,761_2013-08-01,M,2008,5,2013,8/1/2013,RES,4,N,0,8/1/2013
517,761_2014-06-11,M,2008,6,2014,6/11/2014,RES,4,N,0,6/11/2014
518,762_2013-08-06,F,2007,6,2013,8/6/2013,RES,4,N,0,8/6/2013
519,763_2013-08-14,M,2003,10,2013,8/14/2013,RES,4,N,0,8/14/2013
520,764_2013-09-01,M,2001,12,2013,9/1/2013,RES,4,N,0,9/1/2013
521,765_2011-08-18,M,2001,10,2011,8/18/2011,RES,4,N,0,8/18/2011
522,765_2013-09-10,M,2001,12,2013,9/10/2013,MGT,4,N,0,9/10/2013
523,766_2013-09-18,M,2004,9,2013,9/18/2013,RES,4,N,0,9/18/2013
524,767_2013-09-23,F,2011,2,2013,9/23/2013,MGT,4,N,0,9/23/2013
525,768_2013-09-27,F,2006,7,2013,9/27/2013,MGT,4,N,0,9/27/2013
526,769_2013-09-28,M,2009,4,2013,9/28/2013,RES,4,N,0,9/28/2013
527,770_2013-10-10,F,2006,7,2013,10/10/2013,MGT,4,N,0,10/10/2013
528,771_2013-10-09,F,2009,4,2013,10/9/2013,MGT,4,N,0,10/9/2013
529,785_2014-07-28,M,2002,12,2014,7/28/2014,RES,32,P,1,7/28/2014
530,787_2014-08-08,M,2013,1,2014,8/8/2014,MGT,4,N,0,8/8/2014
531,797_2010-08-08,M,2007,3,2010,8/8/2010,MGT,4,N,0,8/8/2010
532,797_2014-10-04,M,2007,7,2014,10/4/2014,MGT,4,N,0,10/4/2014
533,84_1984-05-24,M,1962,22,1984,5/24/1984,RES,384,P,1,5/24/1984
534,G087_2003-05-16,M,1996,7,2003,5/16/2003,RES,4,N,0,5/16/2003
535,G096_2004-09-07,F,2001,3,2004,9/7/2004,MGT,4,N,0,9/7/2004
536,G112_2014-08-02,M,2004,10,2014,8/2/2014,MGT,4,N,0,8/2/2014
537,G115_2007-05-08,M,2004,3,2007,5/8/2007,RES,8,N,0,5/8/2007
538,G120_2011-09-20,M,2001,10,2011,9/20/2011,MGT,4,N,0,9/20/2011
539,G129_2008-08-09,M,2003,5,2008,8/9/2008,MGT,4,N,0,8/9/2008
540,G135_2009-05-12,M,1995,14,2009,5/12/2009,MGT,6,N,0,5/12/2009
541,G138_2009-05-23,M,1994,15,2009,5/23/2009,RES,64,P,1,5/23/2009
542,G139_2009-05-23,M,2007,2,2009,5/23/2009,MGT,4,N,0,5/23/2009
543,G141_2009-06-07,M,2005,4,2009,6/7/2009,MGT,Inf,N,0,6/7/2009
544,G143_2009-06-11,M,2006,3,2009,6/11/2009,RES,4,N,0,6/11/2009
545,G145_2009-06-28,M,2008,1,2009,6/28/2009,MGT,4,N,0,6/28/2009
546,G146_2011-07-16,M,2004,7,2011,7/16/2011,MGT,4,N,0,7/16/2011
547,G147_2009-09-15,M,2006,3,2009,9/15/2009,RES,4,N,0,9/15/2009
548,G151_2010-05-15,M,2006,4,2010,5/15/2010,RES,8,N,0,5/15/2010
549,G152_2010-05-19,F,2006,4,2010,5/19/2010,MGT,4,N,0,5/19/2010
550,G152_2011-07-27,F,2006,5,2011,7/27/2011,MGT,4,N,0,7/27/2011
551,G154_2010-08-19,F,2007,3,2010,8/19/2010,MGT,4,N,0,8/19/2010
552,G155_2010-07-30,M,2008,2,2010,7/30/2010,MGT,4,N,0,7/30/2010
553,G155_2013-06-02,M,2008,5,2013,6/2/2013,RES,4,N,0,6/2/2013
554,G156_2010-08-03,M,2009,1,2010,8/3/2010,MGT,8,N,0,8/3/2010
555,G157_2010-08-03,M,2009,1,2010,8/3/2010,MGT,4,N,0,8/3/2010
556,G162_2010-09-17,F,2009,1,2010,9/17/2010,MGT,4,N,0,9/17/2010
557,G163_2010-09-17,F,2009,1,2010,9/17/2010,MGT,4,N,0,9/17/2010
558,G164_2010-09-25,M,2009,1,2010,9/25/2010,MGT,4,N,0,9/25/2010
559,G165_2010-10-05,M,2010,0,2010,10/5/2010,MGT,8,N,0,10/5/2010
560,G167_2010-11-04,M,2009,1,2010,11/4/2010,MGT,4,N,0,11/4/2010
561,G168_2011-06-20,M,2006,5,2011,6/20/2011,RES,6,N,0,6/20/2011
562,G169_2011-06-21,M,2007,4,2011,6/21/2011,RES,4,N,0,6/21/2011
563,G170_2011-06-26,M,2006,5,2011,6/26/2011,RES,4,N,0,6/26/2011
564,G173_2011-08-24,M,2009,2,2011,8/24/2011,RES,4,N,0,8/24/2011
565,G174_2011-09-01,M,2010,1,2011,9/1/2011,MGT,4,N,0,9/1/2011
566,G174_2012-09-07,M,2010,2,2012,9/7/2012,MGT,4,N,0,9/7/2012
567,G175_2011-10-09,F,2011,0,2011,10/9/2011,MGT,4,N,0,10/9/2011
568,G176_2011-10-09,F,2011,0,2011,10/9/2011,MGT,4,N,0,10/9/2011
569,G177_2011-10-10,F,2011,0,2011,10/10/2011,MGT,4,N,0,10/10/2011
570,G178_2011-10-14,M,2010,1,2011,10/14/2011,MGT,4,N,0,10/14/2011
571,G178_2013-09-05,M,2010,3,2013,9/5/2013,MGT,6,N,0,9/5/2013
572,G179_2011-10-14,M,2010,1,2011,10/14/2011,MGT,4,N,0,10/14/2011
573,G180_2012-06-18,M,2009,3,2012,6/18/2012,RES,4,N,0,6/18/2012
574,G183_2012-08-15,F,2011,1,2012,8/15/2012,MGT,4,N,0,8/15/2012
575,G187_2012-09-21,M,2009,3,2012,9/21/2012,MGT,4,N,0,9/21/2012
576,G188_2012-10-01,M,2010,2,2012,10/1/2012,MGT,4,N,0,10/1/2012
577,G189_2013-05-25,M,2012,1,2013,5/25/2013,MGT,4,N,0,5/25/2013
578,G190_2013-05-25,F,2012,1,2013,5/25/2013,MGT,4,N,0,5/25/2013
579,G191_2013-05-31,M,2010,3,2013,5/31/2013,RES,8,N,0,5/31/2013
580,G192_2013-06-08,M,2011,2,2013,6/8/2013,MGT,4,N,0,6/8/2013
581,G193_2013-10-14,M,2011,2,2013,10/14/2013,MGT,4,N,0,10/14/2013
582,G198_2014-09-30,M,2013,1,2014,9/30/2014,MGT,4,N,0,9/30/2014
583,G199_2014-09-30,F,2013,1,2014,9/30/2014,MGT,4,N,0,9/30/2014
584,G200_2014-11-03,M,2013,1,2014,11/3/2014,MGT,4,N,0,11/3/2014
585,141_2006-08-12,M,1986,20,2006,8/12/2006,mgt,8,N,0,8/12/2006
586,389_2006-06-18,M,1995,11,2006,6/18/2006,res,1024,P,1,6/18/2006
587,633_2009-11-03,M,2003,6,2009,11/3/2009,mgt,8,N,0,11/3/2009
588,481_2009-07-23,F,2002,7,2009,7/23/2009,res,8,N,0,7/23/2009
589,547_2009-08-20,M,2003,6,2009,8/20/2009,res,6,N,0,8/20/2009
590,621_2009-08-26,M,1992,17,2009,8/26/2009,res,16,N,0,8/26/2009
591,526_2009-10-02,M,2003,6,2009,10/2/2009,res,1024,P,1,10/2/2009
592,679_2009-10-04,M,2004,5,2009,10/4/2009,res,4,N,0,10/4/2009
593,616_2009-07-29,F,1993,16,2009,7/29/2009,res,24,P,1,7/29/2009
594,618_2009-08-13,M,2006,3,2009,8/13/2009,res,8,N,0,8/13/2009
595,619_2009-08-20,M,2006,3,2009,8/20/2009,res,1024,P,1,8/20/2009
596,669_2009-10-02,M,2007,2,2009,10/2/2009,res,8,N,0,10/2/2009
597,627_2009-09-23,F,2002,7,2009,9/23/2009,res,8,N,0,9/23/2009
598,227_2009-10-21,M,1992,17,2009,10/21/2009,res,6,N,0,10/21/2009
599,201031_2010-09-20,F,1994,16,2010,9/20/2010,mgt,4,N,0,9/20/2010
600,G166_2010-10-05,M,2010,0.5,2010,10/5/2010,mgt,8,N,0,10/5/2010
601,201041_2010-10-11,M,2004,6,2010,10/11/2010,mgt,768,P,1,10/11/2010
602,201108_2011-07-18,F,2003,8,2011,7/18/2011,mgt,512,P,1,7/18/2011
603,546_2011-09-09,M,2001,10,2011,9/9/2011,mgt,3,N,0,9/9/2011
604,G141_2011-10-17,M,2005,6,2011,10/17/2011,mgt,7,N,0,10/17/2011
605,691_2011-10-01,M,2010,1,2011,10/1/2011,mgt,7,N,0,10/1/2011
606,691_2012-06-22,M,2010,2,2012,6/22/2012,mgt,15,N,0,6/22/2012
607,G131_2012-09-16,F,2007,5,2012,9/16/2012,mgt,15,N,0,9/16/2012
608,735_2012-09-17,F,2012,0.5,2012,9/17/2012,mgt,24,P,1,9/17/2012
609,706_2012-06-25,F,2003,9,2012,6/25/2012,res,7,N,0,6/25/2012
