"","sex","birth.year","age","trap.date","cap.type","titer","UID"
"1","F",1982,2,1984-06-17,"RES",6,"102"
"2","M",1974,10,1984-06-07,"RES",384,"103"
"3","M",1973,26,1999-07-19,"RES",96,"112"
"4","F",1980,14,1994-05-18,"RES",4,"124"
"5","F",1983,10,1993-07-29,"RES",128,"125"
"6","F",1983,17,2000-08-27,"RES",128,"125"
"7","F",1983,23,2006-09-25,"RES",128,"125"
"8","F",1985,17,2002-09-18,"RES",256,"132"
"9","F",1983,11,1994-05-17,"RES",4,"136"
"585","M",1986,20,2006-08-12,"MGT",8,"141"
"11","M",1986,18,2004-10-11,"RES",48,"155"
"12","M",1986,25,2011-09-02,"RES",40,"155"
"13","F",1989,12,2001-05-26,"RES",128,"179"
"14","F",1989,23,2012-06-25,"RES",64,"179"
"15","M",1977,14,1991-07-13,"RES",128,"191"
"16","F",1986,5,1991-09-29,"RES",512,"193"
"17","F",1986,15,2001-10-02,"RES",256,"193"
"18","F",1986,17,2003-07-27,"RES",384,"193"
"19","F",1986,27,2013-06-20,"RES",256,"193"
"20","F",1986,28,2014-08-21,"RES",128,"193"
"21","F",1985,15,2000-07-17,"RES",512,"196"
"22","F",1985,18,2003-09-18,"RES",384,"196"
"23","M",1990,19,2009-06-10,"RES",8,"201"
"599","F",1994,16,2010-09-20,"MGT",4,"201031"
"601","M",2004,6,2010-10-11,"MGT",768,"201041"
"602","F",2003,8,2011-07-18,"MGT",512,"201108"
"24","M",2006,5,2011-08-01,"MGT",3,"201110"
"25","F",2003,8,2011-09-29,"MGT",4,"201130"
"26","M",2011,0,2011-09-29,"MGT",4,"201131"
"27","M",2011,0,2011-09-29,"MGT",4,"201132"
"28","M",2003,8,2011-10-21,"MGT",48,"201137"
"29","M",2001,10,2011-11-11,"MGT",256,"201142"
"30","M",2007,5,2012-09-17,"MGT",384,"201229"
"31","M",2010,2,2012-09-18,"MGT",4,"201232"
"32","M",2003,10,2013-03-23,"MGT",4,"201301"
"33","F",2008,5,2013-05-27,"RES",16,"201307"
"34","M",2008,5,2013-07-23,"MGT",4,"201314"
"35","M",1990,17,2007-10-13,"RES",192,"204"
"36","M",1990,18,2008-10-07,"RES",256,"204"
"37","M",1990,21,2011-10-15,"RES",384,"204"
"38","F",1984,22,2006-09-12,"RES",192,"205"
"39","M",1974,23,1997-10-15,"RES",32,"206"
"42","M",1990,21,2011-09-15,"RES",16,"211"
"43","M",1990,23,2013-09-19,"RES",6,"211"
"44","F",1992,6,1998-07-12,"RES",4,"213"
"45","F",1992,10,2002-06-01,"RES",4,"213"
"46","F",1992,5,1997-10-23,"RES",4,"214"
"47","F",1992,10,2002-10-17,"RES",4,"214"
"48","M",1990,7,1997-10-23,"RES",4,"219"
"49","M",1990,9,1999-06-30,"RES",256,"219"
"50","M",1990,13,2003-09-10,"RES",192,"219"
"51","M",1990,23,2013-06-10,"RES",64,"219"
"52","M",1990,23,2013-08-21,"RES",128,"219"
"53","M",1983,11,1994-05-12,"RES",8,"220"
"598","M",1992,17,2009-10-21,"RES",6,"227"
"56","M",1992,18,2010-10-15,"RES",8,"227"
"57","M",1992,20,2012-06-24,"RES",7,"227"
"60","M",1990,24,2014-08-28,"RES",96,"228"
"61","M",1989,17,2006-08-02,"RES",16,"239"
"62","M",1991,13,2004-06-02,"RES",4,"243"
"63","M",1993,2,1995-09-23,"MGT",4,"259"
"64","M",1991,7,1998-10-18,"RES",48,"260"
"65","M",1991,11,2002-09-20,"RES",48,"260"
"66","M",1988,7,1995-09-29,"MGT",384,"263"
"67","F",1988,20,2008-10-22,"MGT",128,"265"
"68","M",1988,16,2004-08-19,"RES",4,"273"
"69","F",1993,15,2008-08-28,"MGT",12,"279"
"70","F",1993,17,2010-08-03,"MGT",16,"279"
"71","M",1992,10,2002-09-23,"RES",4,"281"
"72","M",1992,19,2011-09-04,"RES",192,"281"
"74","M",1993,5,1998-08-23,"MGT",4,"286"
"75","M",1989,10,1999-10-10,"RES",48,"287"
"76","M",1989,16,2005-09-13,"RES",32,"287"
"77","F",1994,4,1998-07-24,"RES",4,"289"
"78","F",1994,13,2007-08-13,"RES",6,"289"
"79","M",1994,5,1999-07-30,"RES",8,"290"
"80","M",1991,9,2000-05-03,"RES",192,"292"
"81","M",1994,3,1997-08-08,"RES",4,"293"
"82","F",1993,6,1999-10-08,"RES",32,"295"
"83","F",1993,10,2003-09-18,"RES",48,"295"
"84","F",1993,14,2007-09-08,"RES",24,"295"
"85","M",1995,2,1997-10-28,"MGT",4,"301"
"86","M",1988,20,2008-08-23,"RES",4,"302"
"87","M",1995,17,2012-08-03,"MGT",4,"304"
"88","M",1989,9,1998-06-12,"RES",8,"309"
"89","M",1993,5,1998-07-14,"RES",48,"314"
"90","M",1990,9,1999-08-03,"RES",256,"317"
"91","M",1993,5,1998-08-28,"RES",24,"318"
"92","M",1993,10,2003-09-08,"RES",16,"318"
"93","F",1992,7,1999-06-24,"RES",512,"321"
"94","F",1992,12,2004-10-08,"RES",384,"321"
"95","F",1992,19,2011-09-22,"RES",768,"321"
"96","F",1996,2,1998-09-24,"MGT",16,"322"
"102","M",1996,14,2010-10-13,"RES",4,"323"
"103","F",1996,2,1998-11-10,"MGT",4,"325"
"104","F",1996,3,1999-07-13,"MGT",384,"325"
"105","F",1996,5,2001-07-03,"MGT",512,"325"
"106","M",1993,6,1999-05-06,"RES",4,"329"
"107","M",1993,6,1999-05-12,"RES",6,"330"
"108","F",1992,18,2010-09-23,"MGT",4,"332"
"109","M",1995,14,2009-08-20,"MGT",6,"333"
"110","F",1997,2,1999-06-10,"RES",4,"337"
"111","F",1997,7,2004-08-30,"RES",4,"337"
"112","F",1997,13,2010-06-26,"MGT",4,"337"
"113","M",1995,4,1999-06-18,"RES",4,"338"
"114","M",1995,11,2006-10-20,"RES",1024,"338"
"116","M",1995,14,2009-07-22,"RES",384,"338"
"117","M",1995,15,2010-09-15,"RES",512,"338"
"118","F",1991,8,1999-07-21,"RES",512,"342"
"119","M",1996,4,2000-05-10,"RES",8,"343"
"120","M",1996,16,2012-09-12,"MGT",8,"343"
"121","M",1993,11,2004-10-12,"RES",128,"345"
"122","F",1995,4,1999-08-28,"RES",6,"346"
"123","F",1994,5,1999-09-16,"RES",384,"349"
"124","F",1994,9,2003-09-04,"RES",192,"349"
"125","M",1998,4,2002-08-11,"RES",4,"355"
"126","F",1996,5,2001-07-09,"RES",1536,"360"
"127","F",1996,12,2008-07-17,"RES",768,"360"
"128","F",1996,15,2011-07-15,"RES",384,"360"
"129","M",1998,8,2006-10-06,"RES",4,"363"
"130","M",1998,9,2007-06-06,"RES",8,"363"
"131","M",1998,10,2008-09-25,"RES",8,"363"
"132","F",1981,23,2004-08-28,"RES",96,"365"
"133","M",1994,20,2014-05-07,"RES",6,"369"
"134","M",1998,3,2001-10-04,"RES",4,"373"
"135","M",1998,7,2005-07-28,"RES",768,"373"
"136","M",1998,9,2007-08-28,"RES",512,"373"
"137","M",1998,10,2008-08-12,"RES",768,"373"
"138","M",1998,14,2012-07-05,"RES",128,"373"
"139","M",1995,6,2001-05-04,"RES",4,"377"
"140","M",1995,16,2011-08-24,"MGT",4,"377"
"141","M",1999,3,2002-05-31,"RES",4,"379"
"142","M",1999,8,2007-09-25,"RES",192,"379"
"143","M",1999,14,2013-08-30,"RES",96,"379"
"144","F",1971,13,1984-06-10,"RES",4,"38"
"145","M",1993,8,2001-06-26,"RES",12,"387"
"146","M",1990,11,2001-06-28,"RES",128,"388"
"147","M",1995,6,2001-07-06,"RES",4,"389"
"148","M",1995,11,2006-06-18,"RES",512,"389"
"586","M",1995,11,2006-06-18,"RES",1024,"389"
"149","M",1995,6,2001-07-24,"RES",192,"393"
"150","M",1996,15,2011-09-04,"RES",64,"394"
"152","M",1995,6,2001-08-23,"RES",4,"397"
"153","M",1992,9,2001-08-25,"RES",8,"398"
"154","M",1992,13,2005-06-01,"RES",32,"398"
"155","F",1996,6,2002-09-23,"RES",4,"399"
"156","F",1996,7,2003-05-20,"RES",4,"399"
"157","F",1996,8,2004-07-15,"RES",4,"399"
"158","F",1996,8,2004-10-02,"RES",4,"399"
"159","F",1996,9,2005-09-09,"RES",4,"399"
"160","M",1975,9,1984-06-03,"RES",8,"40"
"161","M",1994,7,2001-08-29,"RES",6,"400"
"162","M",1994,14,2008-08-23,"RES",64,"400"
"163","M",1994,16,2010-09-05,"MGT",32,"400"
"164","M",1993,8,2001-09-01,"RES",4,"401"
"165","M",1993,9,2002-09-11,"RES",4,"401"
"166","M",1993,12,2005-09-12,"RES",4,"401"
"167","F",1997,4,2001-10-02,"RES",6,"402"
"168","F",1997,5,2002-09-09,"RES",4,"402"
"169","M",1998,15,2013-05-30,"RES",4,"407"
"170","M",1994,8,2002-06-19,"RES",4,"410"
"171","F",1993,9,2002-07-13,"RES",192,"412"
"172","M",1998,4,2002-07-17,"RES",4,"413"
"173","M",2000,2,2002-07-17,"RES",4,"414"
"174","F",1997,5,2002-08-07,"RES",4,"416"
"175","F",1997,14,2011-08-07,"RES",40,"416"
"176","M",2001,1,2002-09-05,"MGT",6,"419"
"177","M",2001,4,2005-06-15,"MGT",4,"419"
"178","F",1996,15,2011-09-01,"MGT",4,"423"
"179","M",1998,4,2002-09-25,"RES",4,"424"
"180","F",1985,17,2002-10-08,"RES",256,"425"
"181","M",1999,3,2002-10-28,"RES",4,"426"
"182","M",1997,6,2003-06-16,"RES",4,"427"
"183","M",1997,6,2003-06-27,"RES",4,"429"
"184","M",2002,6,2008-07-08,"MGT",4,"434"
"185","M",2002,7,2009-06-28,"MGT",32,"434"
"186","M",2000,3,2003-08-09,"RES",4,"441"
"187","M",2000,4,2004-10-09,"RES",8,"441"
"188","M",1993,15,2008-10-03,"RES",48,"443"
"189","M",1995,8,2003-08-12,"RES",4,"444"
"190","F",1988,15,2003-09-19,"RES",48,"447"
"191","F",2002,1,2003-09-19,"RES",4,"448"
"192","F",2002,2,2004-10-06,"RES",4,"448"
"193","F",2002,3,2005-09-25,"RES",128,"448"
"194","F",2002,6,2008-06-14,"RES",512,"448"
"195","F",2002,6,2008-07-26,"RES",192,"448"
"196","F",2002,7,2009-07-09,"RES",384,"448"
"197","F",2002,8,2010-09-16,"RES",192,"448"
"198","F",2002,9,2011-10-04,"RES",192,"448"
"199","M",1997,6,2003-09-21,"RES",4,"449"
"200","M",1979,5,1984-06-06,"RES",4,"45"
"201","M",1999,5,2004-05-24,"MGT",4,"453"
"202","M",1984,20,2004-06-02,"RES",8,"454"
"203","M",2002,2,2004-08-11,"RES",4,"460"
"204","M",2002,3,2005-09-13,"RES",4,"460"
"205","F",1991,13,2004-08-13,"RES",512,"461"
"206","F",1991,13,2004-09-23,"RES",512,"461"
"207","M",1995,9,2004-08-27,"RES",4,"463"
"208","M",1998,13,2011-10-19,"MGT",4,"465"
"209","M",1995,9,2004-09-07,"MGT",4,"466"
"210","M",2002,2,2004-09-11,"RES",4,"468"
"211","M",1993,11,2004-09-11,"RES",4,"469"
"212","M",1984,20,2004-09-12,"RES",32,"470"
"213","M",1999,4,2003-06-01,"RES",4,"471"
"214","F",1997,7,2004-09-25,"RES",4,"474"
"215","F",1997,8,2005-07-06,"RES",4,"474"
"216","F",1997,8,2005-09-28,"RES",4,"474"
"217","M",2001,4,2005-10-10,"RES",4,"475"
"218","M",1997,7,2004-09-29,"RES",4,"477"
"219","F",1992,18,2010-09-24,"MGT",4,"478"
"220","M",1990,14,2004-10-06,"RES",4,"479"
"221","M",1990,22,2012-06-07,"RES",64,"479"
"223","M",1996,8,2004-10-08,"RES",4,"480"
"224","M",1996,9,2005-09-25,"RES",4,"480"
"588","F",2002,7,2009-07-23,"RES",8,"481"
"227","M",1993,12,2005-05-05,"RES",64,"483"
"228","M",1997,8,2005-05-07,"RES",4,"484"
"229","F",1997,8,2005-05-23,"RES",4,"485"
"230","M",1999,9,2008-07-27,"MGT",4,"487"
"231","M",1998,7,2005-05-26,"RES",8,"488"
"232","M",1997,8,2005-06-23,"RES",384,"490"
"233","F",2004,1,2005-06-27,"MGT",6,"491"
"234","F",2004,3,2007-10-13,"RES",4,"492"
"235","F",2004,4,2008-07-18,"RES",8,"492"
"236","M",1997,8,2005-07-06,"RES",4,"493"
"237","M",1997,13,2010-08-26,"RES",128,"493"
"238","M",2002,3,2005-07-06,"RES",4,"494"
"239","F",2003,5,2008-07-22,"MGT",4,"495"
"240","F",2002,6,2008-08-04,"MGT",128,"497"
"241","M",2001,9,2010-08-05,"MGT",64,"498"
"242","F",1997,15,2012-07-29,"MGT",4,"499"
"243","F",1974,10,1984-09-17,"MGT",4,"50"
"244","F",1995,10,2005-08-13,"RES",6,"501"
"245","F",2002,3,2005-08-19,"MGT",4,"502"
"246","F",2002,5,2007-08-18,"MGT",4,"502"
"247","M",2001,7,2008-07-28,"MGT",192,"504"
"248","M",2000,14,2014-08-02,"RES",32,"506"
"249","F",2003,2,2005-08-25,"RES",4,"507"
"250","F",2003,4,2007-08-01,"RES",4,"507"
"251","M",1995,10,2005-09-13,"RES",128,"512"
"252","M",1995,15,2010-10-05,"MGT",32,"512"
"253","M",2000,10,2010-09-29,"MGT",4,"513"
"254","M",2000,5,2005-09-28,"RES",4,"514"
"255","M",1992,13,2005-09-28,"RES",64,"515"
"256","M",1992,17,2009-06-11,"RES",192,"515"
"257","M",1992,19,2011-10-30,"RES",96,"515"
"258","M",1995,10,2005-10-06,"RES",4,"516"
"259","F",1998,12,2010-09-28,"MGT",4,"517"
"260","M",1999,13,2012-05-12,"RES",16,"519"
"261","M",1999,7,2006-05-11,"RES",1024,"520"
"263","M",1996,10,2006-05-20,"RES",16,"521"
"264","F",1989,17,2006-06-02,"RES",128,"522"
"265","M",2000,11,2011-08-29,"MGT",8,"524"
"266","M",2000,12,2012-09-13,"MGT",4,"524"
"267","M",2003,3,2006-06-22,"RES",256,"526"
"591","M",2003,6,2009-10-02,"RES",1024,"526"
"269","M",1998,8,2006-06-22,"RES",16,"527"
"270","M",2005,1,2006-07-17,"RES",16,"529"
"271","M",2005,2,2007-08-02,"RES",4,"529"
"272","F",1992,14,2006-07-29,"RES",192,"533"
"273","F",1992,20,2012-07-19,"RES",48,"533"
"274","M",2005,1,2006-07-30,"RES",16,"534"
"275","M",2003,3,2006-08-03,"RES",8,"535"
"276","M",2002,10,2012-05-13,"RES",4,"538"
"277","F",2004,2,2006-08-29,"MGT",16,"539"
"278","F",2004,3,2007-06-27,"MGT",6,"539"
"279","F",2004,3,2007-08-19,"MGT",4,"539"
"280","F",1995,11,2006-09-22,"RES",128,"541"
"282","F",1995,16,2011-10-17,"RES",64,"541"
"283","M",1993,13,2006-10-05,"RES",4,"543"
"284","M",2003,3,2006-10-06,"MGT",16,"544"
"603","M",2001,10,2011-09-09,"MGT",3,"546"
"589","M",2003,6,2009-08-20,"RES",6,"547"
"288","M",1997,10,2007-05-02,"RES",4,"548"
"289","M",2001,12,2013-05-06,"MGT",1536,"549"
"290","M",2003,6,2009-06-01,"RES",4,"550"
"291","M",2003,7,2010-09-07,"MGT",4,"550"
"292","M",1999,12,2011-11-11,"MGT",4,"552"
"293","M",1999,10,2009-05-30,"RES",4,"553"
"294","F",2005,4,2009-05-30,"RES",4,"554"
"295","F",2000,7,2007-06-03,"RES",4,"555"
"300","M",2003,9,2012-10-13,"RES",6,"556"
"301","M",1989,18,2007-06-15,"RES",4,"557"
"302","F",1997,10,2007-07-03,"RES",4,"559"
"303","M",1992,15,2007-08-26,"RES",4,"563"
"304","M",1992,16,2008-08-24,"RES",4,"563"
"305","M",2004,4,2008-08-09,"RES",4,"565"
"307","M",2004,6,2010-10-15,"RES",4,"566"
"308","M",2004,7,2011-10-30,"RES",6,"566"
"309","M",2004,9,2013-07-08,"RES",6,"566"
"310","M",1994,14,2008-10-04,"RES",192,"567"
"311","M",1992,17,2009-06-29,"RES",384,"568"
"312","F",2003,6,2009-10-02,"MGT",4,"569"
"313","F",2003,7,2010-10-17,"MGT",4,"569"
"316","M",1994,15,2009-06-29,"RES",8,"570"
"317","M",1996,11,2007-09-11,"RES",6,"571"
"318","M",1997,10,2007-09-26,"RES",4,"573"
"321","M",2003,9,2012-10-15,"RES",15,"574"
"322","F",1999,8,2007-10-18,"RES",192,"576"
"323","F",1991,16,2007-10-23,"RES",64,"577"
"324","M",2004,3,2007-10-25,"RES",768,"578"
"325","M",2004,9,2013-06-23,"RES",256,"578"
"326","M",2005,3,2008-04-21,"MGT",4,"579"
"327","M",2005,3,2008-05-17,"MGT",4,"581"
"328","M",2004,4,2008-06-08,"MGT",4,"582"
"329","M",1978,30,2008-06-14,"RES",96,"585"
"330","M",2005,3,2008-06-19,"RES",4,"586"
"331","M",2005,6,2011-08-15,"RES",384,"586"
"332","M",2006,4,2010-07-03,"MGT",6,"587"
"333","M",2005,3,2008-07-10,"RES",384,"588"
"334","M",2002,6,2008-07-28,"RES",192,"589"
"335","M",2002,8,2010-09-16,"RES",96,"589"
"336","M",2002,9,2011-10-04,"RES",40,"589"
"337","F",1978,6,1984-06-16,"RES",192,"59"
"338","F",2005,3,2008-08-13,"RES",4,"590"
"339","F",2006,2,2008-08-21,"RES",4,"591"
"340","M",2000,14,2014-09-11,"MGT",512,"592"
"342","M",2005,6,2011-08-06,"RES",12,"593"
"344","M",2006,4,2010-08-08,"RES",4,"594"
"345","M",2005,3,2008-08-24,"RES",4,"595"
"346","F",2004,4,2008-09-14,"MGT",4,"596"
"347","F",2004,5,2009-06-25,"MGT",6,"596"
"349","M",2007,5,2012-07-21,"RES",15,"600"
"350","F",2007,1,2008-10-22,"MGT",4,"601"
"351","F",2007,1,2008-10-22,"MGT",4,"602"
"352","M",2003,6,2009-04-30,"MGT",4,"603"
"353","M",2003,7,2010-08-15,"MGT",4,"603"
"354","M",2002,7,2009-05-17,"RES",6,"604"
"355","F",2005,4,2009-05-15,"RES",512,"605"
"356","M",2002,7,2009-05-19,"RES",6,"606"
"357","M",1999,10,2009-05-20,"RES",4,"607"
"358","M",1996,13,2009-06-09,"RES",4,"608"
"359","M",2004,5,2009-06-13,"RES",768,"609"
"360","F",2006,8,2014-08-06,"RES",4,"610"
"361","M",2000,11,2011-08-20,"RES",3,"611"
"593","F",1993,16,2009-07-29,"RES",24,"616"
"594","M",2006,3,2009-08-13,"RES",8,"618"
"362","M",2006,4,2010-09-21,"RES",4,"618"
"595","M",2006,3,2009-08-20,"RES",1024,"619"
"590","M",1992,17,2009-08-26,"RES",16,"621"
"363","M",2006,3,2009-09-11,"RES",4,"622"
"364","M",2003,6,2009-09-11,"RES",4,"623"
"365","M",2003,8,2011-07-26,"MGT",4,"623"
"366","M",1999,10,2009-09-14,"RES",4,"624"
"367","F",2003,6,2009-09-19,"RES",4,"626"
"597","F",2002,7,2009-09-23,"RES",8,"627"
"369","F",2004,6,2010-06-17,"RES",6,"628"
"370","F",2004,6,2010-10-02,"MGT",4,"628"
"371","M",1978,31,2009-10-12,"MGT",48,"629"
"372","F",2004,5,2009-10-14,"MGT",4,"631"
"373","M",2005,4,2009-10-30,"MGT",4,"632"
"587","M",2003,6,2009-11-03,"MGT",8,"633"
"374","M",1990,20,2010-04-24,"MGT",4,"634"
"375","M",2000,10,2010-04-24,"MGT",4,"635"
"376","M",2006,5,2011-08-28,"MGT",256,"636"
"377","M",1999,11,2010-05-08,"MGT",4,"638"
"378","M",1994,16,2010-05-11,"RES",256,"639"
"379","M",1995,15,2010-05-14,"RES",384,"640"
"380","M",1995,15,2010-05-16,"RES",6,"641"
"381","M",2006,3,2009-05-15,"RES",4,"642"
"382","M",2006,4,2010-05-18,"MGT",4,"642"
"383","M",2006,6,2012-04-18,"MGT",4,"642"
"384","M",1997,13,2010-05-18,"RES",4,"643"
"385","M",1998,12,2010-06-11,"RES",8,"644"
"386","M",1998,16,2014-05-15,"RES",4,"644"
"387","F",1997,13,2010-06-15,"RES",4,"645"
"388","M",1997,13,2010-06-17,"RES",1536,"646"
"389","M",2000,12,2012-07-12,"RES",4,"648"
"390","M",2003,7,2010-07-24,"MGT",4,"649"
"391","F",2005,5,2010-08-09,"MGT",4,"650"
"392","F",2005,7,2012-07-28,"MGT",4,"650"
"393","M",1999,11,2010-08-15,"MGT",4,"651"
"394","M",2008,2,2010-08-22,"RES",4,"653"
"395","M",2008,4,2012-07-09,"RES",7,"653"
"396","F",1994,16,2010-08-23,"MGT",64,"654"
"397","M",2007,3,2010-08-24,"RES",4,"655"
"398","M",2007,7,2014-08-03,"RES",4,"655"
"399","M",2007,3,2010-08-27,"MGT",4,"656"
"400","M",2007,3,2010-09-10,"MGT",4,"657"
"401","F",2005,5,2010-09-11,"MGT",4,"658"
"402","F",2005,7,2012-10-26,"MGT",4,"658"
"403","M",1998,13,2011-06-24,"RES",512,"659"
"404","F",2004,6,2010-09-17,"MGT",8,"660"
"405","F",2001,9,2010-09-20,"RES",6,"661"
"406","F",1999,11,2010-10-01,"RES",64,"662"
"407","F",2004,6,2010-10-02,"RES",4,"663"
"408","M",1999,11,2010-10-03,"MGT",4,"664"
"409","F",2002,8,2010-10-05,"MGT",8,"665"
"410","F",2002,8,2010-10-16,"MGT",16,"666"
"596","M",2007,2,2009-10-02,"RES",8,"669"
"411","M",2004,5,2009-06-04,"RES",4,"670"
"412","M",2004,7,2011-05-11,"MGT",4,"670"
"413","M",2004,8,2012-08-17,"MGT",4,"670"
"414","M",1997,12,2009-06-15,"RES",8,"671"
"415","M",1997,14,2011-05-12,"MGT",32,"671"
"416","M",1997,16,2013-04-25,"MGT",4,"671"
"417","F",2008,3,2011-05-14,"MGT",8,"672"
"418","M",1999,12,2011-06-10,"RES",16,"673"
"419","M",2003,8,2011-06-18,"RES",6,"674"
"420","M",2003,9,2012-06-27,"RES",4,"674"
"421","M",1996,15,2011-06-27,"RES",12,"675"
"422","F",2010,1,2011-07-03,"MGT",4,"676"
"423","F",2010,4,2014-07-26,"MGT",4,"676"
"425","M",2005,6,2011-07-07,"RES",3,"677"
"426","F",2005,6,2011-07-09,"RES",768,"678"
"592","M",2004,5,2009-10-04,"RES",4,"679"
"428","M",2004,7,2011-07-13,"RES",3,"679"
"430","M",2006,5,2011-07-26,"RES",24,"681"
"431","M",2008,3,2011-07-29,"MGT",1024,"682"
"432","M",2008,4,2012-04-17,"MGT",1536,"682"
"433","M",2005,6,2011-08-04,"RES",512,"683"
"434","M",1993,18,2011-08-11,"RES",12,"684"
"435","M",2006,5,2011-08-15,"RES",4,"685"
"436","F",2005,6,2011-08-18,"RES",192,"686"
"437","M",2000,11,2011-08-18,"RES",3,"687"
"438","M",2010,1,2011-09-21,"RES",3,"688"
"439","M",2010,1,2011-09-22,"RES",6,"689"
"440","F",2009,2,2011-09-23,"MGT",4,"690"
"605","M",2010,1,2011-10-01,"MGT",7,"691"
"606","M",2010,2,2012-06-22,"MGT",15,"691"
"441","F",2008,3,2011-10-04,"MGT",4,"692"
"442","F",2004,7,2011-10-04,"RES",192,"693"
"443","F",2008,3,2011-10-07,"MGT",4,"694"
"444","M",2007,4,2011-10-28,"RES",3,"695"
"445","M",1999,10,2009-05-21,"RES",4,"696"
"446","M",1999,12,2011-11-04,"MGT",4,"696"
"447","M",2003,9,2012-03-21,"MGT",4,"697"
"448","M",1992,20,2012-04-08,"MGT",24,"698"
"449","M",2000,12,2012-04-15,"MGT",4,"699"
"450","M",2003,9,2012-05-03,"RES",4,"700"
"451","M",2007,4,2011-07-18,"RES",4,"701"
"452","M",2007,5,2012-05-04,"MGT",4,"701"
"453","F",2010,2,2012-05-08,"MGT",4,"702"
"454","F",2006,6,2012-05-11,"RES",4,"703"
"455","F",2006,7,2013-10-01,"MGT",4,"703"
"456","M",2008,4,2012-05-17,"MGT",4,"704"
"457","M",2008,4,2012-05-19,"RES",4,"705"
"609","F",2003,9,2012-06-25,"RES",7,"706"
"459","F",2007,5,2012-05-30,"RES",6,"707"
"460","F",2006,6,2012-06-06,"RES",7,"708"
"461","M",2009,3,2012-06-16,"MGT",4,"710"
"462","M",1999,13,2012-06-25,"RES",7,"711"
"463","M",1999,15,2014-07-24,"RES",4,"711"
"464","M",2006,6,2012-06-25,"RES",4,"712"
"465","M",2009,3,2012-06-28,"RES",7,"713"
"466","M",2009,5,2014-07-01,"RES",6,"713"
"467","F",2002,11,2013-07-08,"MGT",4,"714"
"468","M",1997,15,2012-07-06,"RES",7,"715"
"469","F",2005,7,2012-07-08,"MGT",4,"716"
"470","M",2008,4,2012-07-10,"MGT",4,"717"
"471","M",2008,5,2013-09-14,"MGT",4,"717"
"472","F",2005,7,2012-07-12,"RES",4,"718"
"473","M",2007,5,2012-07-17,"MGT",4,"719"
"474","F",2004,8,2012-07-20,"RES",512,"720"
"475","F",2006,6,2012-07-22,"RES",7,"721"
"476","F",2005,7,2012-08-14,"MGT",4,"724"
"477","F",2005,7,2012-08-15,"MGT",4,"725"
"478","M",2007,5,2012-08-16,"RES",192,"726"
"479","M",1999,13,2012-08-18,"RES",256,"727"
"480","F",2009,3,2012-08-23,"RES",4,"728"
"481","M",2002,10,2012-08-23,"RES",192,"729"
"482","M",2002,12,2014-07-12,"MGT",192,"729"
"483","M",2007,5,2012-08-24,"MGT",384,"730"
"485","M",2010,2,2012-09-09,"RES",4,"731"
"486","M",2010,4,2014-08-27,"MGT",256,"731"
"487","F",2004,8,2012-09-10,"MGT",12,"732"
"488","M",2008,4,2012-09-17,"MGT",768,"733"
"489","F",2003,9,2012-09-21,"MGT",4,"734"
"608","F",2012,0.5,2012-09-17,"MGT",24,"735"
"490","M",2004,8,2012-10-01,"RES",96,"736"
"492","M",2009,3,2012-10-10,"MGT",4,"737"
"493","M",2001,11,2012-10-19,"MGT",4,"738"
"494","F",2010,2,2012-10-28,"MGT",4,"739"
"495","M",2006,7,2013-05-06,"MGT",8,"740"
"496","F",2009,4,2013-05-22,"RES",6,"741"
"497","M",2009,4,2013-05-24,"MGT",4,"742"
"498","F",2003,10,2013-05-25,"MGT",4,"743"
"499","M",2008,5,2013-05-26,"RES",4,"744"
"500","M",2010,3,2013-05-31,"MGT",768,"745"
"501","F",2010,3,2013-06-04,"RES",4,"747"
"502","M",2010,3,2013-06-07,"MGT",4,"748"
"503","F",2009,4,2013-06-12,"RES",4,"749"
"504","M",2007,6,2013-06-19,"RES",4,"750"
"505","M",2009,4,2013-06-21,"RES",6,"751"
"506","M",2010,3,2013-06-23,"RES",4,"752"
"507","M",2010,3,2013-06-24,"RES",4,"753"
"508","M",2004,9,2013-06-25,"RES",4,"754"
"509","F",2011,2,2013-06-25,"RES",6,"755"
"510","M",2007,6,2013-06-30,"MGT",6,"756"
"511","M",2007,7,2014-07-23,"MGT",2048,"756"
"512","M",2007,6,2013-07-21,"RES",4,"758"
"513","F",2008,5,2013-07-23,"RES",4,"759"
"514","M",2010,3,2013-07-29,"MGT",4,"760"
"515","M",2011,3,2014-06-25,"RES",4,"760"
"516","M",2008,5,2013-08-01,"RES",4,"761"
"517","M",2008,6,2014-06-11,"RES",4,"761"
"518","F",2007,6,2013-08-06,"RES",4,"762"
"519","M",2003,10,2013-08-14,"RES",4,"763"
"520","M",2001,12,2013-09-01,"RES",4,"764"
"521","M",2001,10,2011-08-18,"RES",4,"765"
"522","M",2001,12,2013-09-10,"MGT",4,"765"
"523","M",2004,9,2013-09-18,"RES",4,"766"
"524","F",2011,2,2013-09-23,"MGT",4,"767"
"525","F",2006,7,2013-09-27,"MGT",4,"768"
"526","M",2009,4,2013-09-28,"RES",4,"769"
"527","F",2006,7,2013-10-10,"MGT",4,"770"
"528","F",2009,4,2013-10-09,"MGT",4,"771"
"529","M",2002,12,2014-07-28,"RES",32,"785"
"530","M",2013,1,2014-08-08,"MGT",4,"787"
"531","M",2007,3,2010-08-08,"MGT",4,"797"
"532","M",2007,7,2014-10-04,"MGT",4,"797"
"533","M",1962,22,1984-05-24,"RES",384,"84"
"534","M",1996,7,2003-05-16,"RES",4,"G087"
"535","F",2001,3,2004-09-07,"MGT",4,"G096"
"536","M",2004,10,2014-08-02,"MGT",4,"G112"
"537","M",2004,3,2007-05-08,"RES",8,"G115"
"538","M",2001,10,2011-09-20,"MGT",4,"G120"
"539","M",2003,5,2008-08-09,"MGT",4,"G129"
"607","F",2007,5,2012-09-16,"MGT",15,"G131"
"540","M",1995,14,2009-05-12,"MGT",6,"G135"
"541","M",1994,15,2009-05-23,"RES",64,"G138"
"542","M",2007,2,2009-05-23,"MGT",4,"G139"
"604","M",2005,6,2011-10-17,"MGT",7,"G141"
"544","M",2006,3,2009-06-11,"RES",4,"G143"
"545","M",2008,1,2009-06-28,"MGT",4,"G145"
"546","M",2004,7,2011-07-16,"MGT",4,"G146"
"547","M",2006,3,2009-09-15,"RES",4,"G147"
"548","M",2006,4,2010-05-15,"RES",8,"G151"
"549","F",2006,4,2010-05-19,"MGT",4,"G152"
"550","F",2006,5,2011-07-27,"MGT",4,"G152"
"551","F",2007,3,2010-08-19,"MGT",4,"G154"
"552","M",2008,2,2010-07-30,"MGT",4,"G155"
"553","M",2008,5,2013-06-02,"RES",4,"G155"
"554","M",2009,1,2010-08-03,"MGT",8,"G156"
"555","M",2009,1,2010-08-03,"MGT",4,"G157"
"556","F",2009,1,2010-09-17,"MGT",4,"G162"
"557","F",2009,1,2010-09-17,"MGT",4,"G163"
"558","M",2009,1,2010-09-25,"MGT",4,"G164"
"559","M",2010,0,2010-10-05,"MGT",8,"G165"
"600","M",2010,0.5,2010-10-05,"MGT",8,"G166"
"560","M",2009,1,2010-11-04,"MGT",4,"G167"
"561","M",2006,5,2011-06-20,"RES",6,"G168"
"562","M",2007,4,2011-06-21,"RES",4,"G169"
"563","M",2006,5,2011-06-26,"RES",4,"G170"
"564","M",2009,2,2011-08-24,"RES",4,"G173"
"565","M",2010,1,2011-09-01,"MGT",4,"G174"
"566","M",2010,2,2012-09-07,"MGT",4,"G174"
"567","F",2011,0,2011-10-09,"MGT",4,"G175"
"568","F",2011,0,2011-10-09,"MGT",4,"G176"
"569","F",2011,0,2011-10-10,"MGT",4,"G177"
"570","M",2010,1,2011-10-14,"MGT",4,"G178"
"571","M",2010,3,2013-09-05,"MGT",6,"G178"
"572","M",2010,1,2011-10-14,"MGT",4,"G179"
"573","M",2009,3,2012-06-18,"RES",4,"G180"
"574","F",2011,1,2012-08-15,"MGT",4,"G183"
"575","M",2009,3,2012-09-21,"MGT",4,"G187"
"576","M",2010,2,2012-10-01,"MGT",4,"G188"
"577","M",2012,1,2013-05-25,"MGT",4,"G189"
"578","F",2012,1,2013-05-25,"MGT",4,"G190"
"579","M",2010,3,2013-05-31,"RES",8,"G191"
"580","M",2011,2,2013-06-08,"MGT",4,"G192"
"581","M",2011,2,2013-10-14,"MGT",4,"G193"
"582","M",2013,1,2014-09-30,"MGT",4,"G198"
"583","F",2013,1,2014-09-30,"MGT",4,"G199"
"584","M",2013,1,2014-11-03,"MGT",4,"G200"
