Wolf,DOB
002M,4/15/1994
003M,4/21/1994
004M,4/27/1989
005F,4/15/1990
006M,4/15/1993
007F,4/15/1994
008M,4/15/1993
009F,4/15/1990
010M,4/21/1990
011F,4/27/1991
012M,4/27/1991
013M,4/27/1985
014F,4/15/1993
015M,4/21/1994
016F,4/26/1995
017F,4/26/1995
018F,4/26/1995
019F,4/26/1995
020M,4/26/1995
021M,4/15/1995
022M,4/26/1995
023M,4/26/1995
024F,4/15/1995
026F,4/21/1995
027F,4/21/1989
028M,NA
029M,4/15/1995
030F,4/21/1995
031M,4/21/1995
032F,NA
033F,4/15/1995
034M,4/15/1994
035M,NA
036F,4/27/1993
037F,4/21/1995
038M,4/21/1989
039F,4/21/1989
040F,4/15/1995
041F,4/21/1995
042F,4/15/1995
043M,4/15/1996
044F,4/15/1996
045F,4/25/1996
047M,4/25/1996
048F,4/15/1996
052M,4/20/1996
055M,4/15/1996
056M,4/15/1996
063F,4/20/1996
064F,4/20/1996
065F,4/20/1996
066M,4/20/1996
067F,4/15/1996
068F,4/20/1996
069M,4/20/1996
070M,4/15/1996
071F,4/20/1996
072M,4/15/1996
077F,4/15/1997
078F,4/15/1997
082M,4/15/1997
083M,4/15/1997
092M,4/15/1997
093M,4/15/1997
094M,4/15/1997
095F,4/15/1997
096F,4/15/1997
103F,4/15/1997
104M,4/15/1997
105F,4/15/1997
106F,4/15/1997
108M,4/15/1997
111F,4/15/1997
113M,4/15/1997
115F,4/15/1998
118M,4/15/1997
120M,4/15/1997
122M,4/15/1997
123M,4/15/1997
124M,4/15/1997
126F,4/15/1997
128M,4/15/1997
129F,4/15/1997
132M,4/15/1997
136F,4/15/1997
147M,4/15/1997
148F,4/15/1998
150M,4/15/1998
151F,4/15/1998
152F,4/15/1998
153F,4/15/1998
154F,4/15/1998
155F,4/15/1998
156F,4/15/1998
161M,4/15/1998
162M,4/15/1998
163M,4/15/1998
164M,4/15/1998
165M,4/15/1997
174F,4/15/1998
175F,4/15/1998
187F,4/15/1999
188F,4/15/1998
189M,4/15/1999
190F,4/15/1999
191M,4/15/1999
192M,4/15/1997
193M,4/15/1997
194M,4/15/1997
195M,4/15/1998
196M,4/15/1998
198F,4/15/1999
201F,4/15/1999
202M,4/15/2000
203M,4/15/2000
204M,4/15/1997
205M,4/15/2000
206M,4/15/1998
207M,4/15/1999
208M,4/15/1997
209F,4/15/2000
210M,4/15/2000
211M,4/15/2000
212F,4/15/1999
213F,4/15/2000
214M,4/15/2000
215M,4/15/2000
216F,4/15/2000
217F,4/15/2000
218F,4/15/2000
219M,4/15/2000
220F,4/15/2000
221M,4/15/1999
222M,4/15/2000
223F,4/15/2000
224M,4/15/2000
225M,4/15/2000
226M,4/15/2000
227M,4/15/2000
228F,4/27/1999
241M,4/27/2001
243M,4/15/1998
244M,4/26/1999
245M,4/15/2001
246M,4/26/2001
247M,4/15/2001
248M,4/15/2001
249M,4/15/2000
251F,4/15/2000
252M,4/15/2000
253M,4/15/2000
254M,4/15/2000
255F,4/15/2001
256M,4/15/1999
257M,4/15/1999
258M,4/15/2000
259F,4/15/2000
260F,4/15/2001
261M,4/15/2001
262M,4/15/2001
286F,4/15/2001
287M,4/15/2001
288F,4/15/2001
289M,4/15/2001
290F,4/15/2002
291M,4/15/2002
292M,4/15/2001
293F,4/15/2002
294M,4/15/1999
295M,4/15/2002
296M,4/15/2000
300M,4/15/1999
301M,4/15/2001
302M,4/15/2000
303M,4/15/1997
304M,4/15/1999
305M,4/15/2002
306F,4/15/2002
325M,4/27/2003
327F,4/15/2000
338F,4/27/2003
340F,4/15/2001
341F,4/15/2002
342F,4/15/2003
343M,4/15/2003
344F,4/15/2002
345F,4/15/2003
348M,4/15/2003
349M,4/15/2003
350M,4/15/2003
351M,4/15/2002
352M,4/15/2001
353F,4/15/2001
354M,4/15/2001
355F,4/15/2002
356M,4/15/2002
373M,4/15/2003
374M,4/15/2003
375F,4/15/2003
376F,4/15/2003
377M,4/15/2000
378M,4/15/2001
379M,4/15/2000
380F,4/15/2003
381M,4/15/2002
382F,4/15/2003
383M,4/15/2003
384F,4/15/2003
385M,4/15/2003
388F,4/15/2001
389M,4/15/2002
390F,4/15/2003
391F,4/15/2001
392M,4/15/2002
394M,4/27/2001
395F,4/27/2002
396F,4/27/2000
397F,NA
398M,4/27/2001
399F,4/27/2001
400F,4/27/2000
408M,4/15/2003
409F,4/15/2003
410F,4/15/2003
423M,4/27/2001
426M,4/27/2004
432F,4/27/2004
433M,4/27/2004
452M,4/27/2004
453M,4/15/2003
468M,4/15/2003
469F,4/15/2003
470F,4/15/2004
471F,4/27/2003
472F,4/15/2001
473M,4/15/2004
474M,4/15/2004
475F,4/15/2004
476F,4/15/2003
477M,4/15/2003
478F,4/15/2003
479M,4/15/2002
480M,4/15/2002
481M,4/15/2004
482M,4/15/2001
483F,4/15/2003
484M,4/15/2004
485F,4/15/2004
486F,4/15/2004
487M,4/15/2001
488M,4/15/2004
489M,4/15/2001
490M,4/15/2001
491M,4/15/2004
492F,4/15/2004
493M,4/15/2004
495M,4/15/2004
496F,4/15/2004
497M,4/15/2004
523F,4/27/2005
524F,4/15/2005
525F,4/15/2004
526F,4/15/2004
527F,4/15/2002
528M,4/15/2003
529F,4/15/2004
534M,4/15/2000
535M,4/15/2003
536F,4/15/2003
537F,4/15/2002
538M,4/15/2001
539F,4/15/2005
540F,4/15/2000
541M,4/15/2000
542F,4/15/2003
543M,4/15/2005
544M,4/15/2005
545F,4/15/2005
546M,4/27/2004
569F,4/15/2004
570M,4/15/2006
571F,4/15/2006
572F,4/15/2001
573M,4/15/2006
574F,4/15/2006
575F,4/15/2004
576F,4/15/2004
577M,4/15/2006
578F,4/15/2006
586M,4/15/2001
587M,4/15/2001
588F,4/15/2006
589F,4/15/2006
590M,4/15/2006
591F,4/15/2006
592F,4/15/2004
593F,4/15/2006
623M,4/15/2007
624F,4/15/2007
625F,4/15/2006
626F,4/15/2007
627M,4/15/2003
628M,4/15/2006
629M,4/15/2006
630F,4/15/2007
631F,4/15/2007
632F,4/15/2005
633F,4/15/2007
634F,4/22/2006
635F,4/15/2006
636M,4/29/2007
638M,4/15/2007
639M,4/15/2006
640F,4/15/2007
641M,4/22/2007
642F,4/15/2007
643F,4/15/2007
644F,4/15/2007
645F,4/15/2007
646F,4/15/2007
647M,4/15/2007
661M,4/27/2006
684M,4/15/2008
685M,4/15/2005
686F,4/15/2007
687M,4/15/2008
688M,4/15/2008
689M,4/15/2006
690F,4/15/2008
691F,4/15/2006
692F,4/15/2006
693F,4/15/2006
694F,4/15/2006
695M,4/15/2005
712M,4/15/2005
713F,4/15/2007
714F,4/15/2007
715F,4/15/2007
716F,4/15/2005
752F,4/7/2009
753F,4/27/2009
754M,4/27/2008
755M,4/27/2008
757F,4/27/2009
758M,4/28/2009
759F,4/28/2009
760M,4/15/2007
762M,4/15/2005
763F,4/27/2008
768F,4/27/2009
769M,4/14/2008
775M,4/9/2010
776F,4/23/2010
777M,4/12/2010
778M,4/13/2007
779F,4/17/2010
780M,4/30/2010
794F,4/15/2006
818F,4/15/2011
819F,4/15/2010
820F,4/15/2011
821F,4/15/2009
822F,4/15/2011
823F,4/15/2011
824M,4/15/2011
825F,4/29/2011
826F,4/15/2011
827M,4/30/2010
828M,4/15/2011
829F,4/17/2011
830F,4/7/2009
831F,4/28/2011
832F,4/12/2006
838M,4/13/2007
869M,4/15/2012
870F,4/15/2008
871M,4/15/2009
872F,4/15/2011
889F,4/15/2011
890M,4/15/2011
906M,4/15/2012
907F,4/15/2013
908F,4/15/2013
909F,4/15/2009
910M,4/15/2009
911M,4/15/2010
924F,4/15/2013
925M,4/15/2009
926F,4/15/2011
953F,4/15/2013
B-144,4/27/2001
SW147M,4/15/2004
SW763M,4/15/2006
